Min Price,RevPar STLY,Rental Revenue LY,Average Market RevPar STLY YoY %,First Reservation Date,Average Market ADR STLY,RevPar,Group Name,Property Name,Listing ID,Num Booked Pickup 30,Last Booked date,Sync ON/OFF,Unit Count,ADR STLY,First Sync Date,Average Market Occupancy STLY YoY difference,Base Price,ADR,RevPar STLY YoY %,PMS Name,Rental Revenue YoY %,Bedroom Count,Sub Group Name,Average Market ADR,Average Market Booking Window,Listing Name,Average Market Occupancy,Max Price,Rental Revenue,Paid Occupancy STLY YoY difference,Average Market Occupancy STLY,IS PARENT,Average Market RevPar STLY,Longitude,Base Price Recommendation,Paid Occupancy STLY,Paid Occupancy,City,Rental Revenue STLY,ADR STLY YoY %,Booking Window,Latitude,Average Market ADR STLY YoY %,Tag,Market Penetration Index,Average Market RevPar
90.0,142.62,5401.55,31.03,2022-03-09,196.57,0.0,1-4BR Cabins / House,,100830,0,2026-04-27T22:39:07,1,1,192.22,2024-05-23,3.67,180.0,0.0,-100.0,hostaway,-100.0,1,1-2 Bedroom Cabins,237.42,87.01,"Wayne Flatt 536 (GAT) -- Whisk-A-Way - Hot Tub, Pool Table & Jacuzzi!",46.92,,0.0,-74.19,43.25,True,85.016525,-83.49700165,180.0,74.19,0.0,Gatlinburg,4421.1,-100.0,0.0,35.70930099,20.78,"['1-2BR Cabin', 'GAT', 'Group 3', 'HA1', 'Junior', 'Katie', 'Safely', 'BlessedCleaningTyler', 'SCounty', '3-4BR', 'Blake', 'Group 2', 'NotKnox', '1BDR', '4Guest', 'hottub', 'OB2/18/22']",0.0,111.397464
95.0,91.33,3688.56,-3.54,2022-04-01,298.1,132.09,1-4BR Cabins / House,,104542,11,2026-09-06T00:51:33,1,1,197.89,2024-05-23,-1.54,150.0,194.99,44.63,hostaway,11.01,3,3-4 Bedrooms,297.87,92.42,Terry Reeves 830 (PF) -- Higher Ground Condo w/ Mountain & Golf View,42.94,,4094.75,29.03,44.48,True,132.59488,-83.53910065,150.0,38.71,67.74,Pigeon Forge,2374.64,-1.47,60.0,35.78789902,-0.08,"['Group 3', 'HA1', 'Junior', 'Katie', 'NotKnox', 'PF', 'Safely', 'TendwellCleaning', 'BlessedCleaningTyler', '3-4BR', 'SCounty', '1-2BR Cabin', 'Blake', 'Kyle', 'Community Indoor/outdoor Pool', 'Condo', 'OB3/30/22']",157.76,127.905378
80.0,21.55,3952.51,-14.22,2022-04-14,261.8,93.71,1-4BR Cabins / House,,105239,16,2026-09-05T22:23:59,1,1,167.0,2024-05-23,-3.35,130.0,138.33,334.85,hostaway,-26.5,2,1-2 Bedroom Condos,243.33,89.04,Vicki Allbert 410-2003 (PF) -- The Bear Paw Palace - Mtn View & Community Pools!,40.08,,2904.93,54.84,43.43,True,113.69974,-83.58159637,116.0,12.9,67.74,Pigeon Forge,668.0,-17.17,52.0,35.80189896,-7.06,"['1-2BR Condo', 'Group 3', 'HA1', 'Junior', 'Katie', 'NotKnox', 'PF', 'Safely', 'BlessedCleaningTyler', 'SCounty', '1-2BR Cabin', '3-4BR', 'Blake', 'Kyle', '2BDR', '6guest', 'Community indoor pool', 'Community outdoor Pool', 'OB4/5/22']",169.01,97.526664
95.0,79.87,5268.18,4.59,2022-05-06,240.29,96.42,1-4BR Cabins / House,,106774,6,2026-09-03T20:13:19,1,1,190.46,2024-05-23,3.77,170.0,249.07,20.72,hostaway,-43.27,2,1-2 Bedroom Cabins,230.37,79.27,"Stephen Fu 225 (PF) -- Bear Hugs - Hot Tub, 2 Fire Pits, Fireplace!",45.21,,2988.9,-3.23,41.44,True,99.576176,-83.56739807,173.0,41.94,38.71,Pigeon Forge,2475.93,30.77,71.5,35.81439972,-4.13,"['1-2BR Cabin', 'Group 2', 'HA1', 'NotKnox', 'PF', 'Safely', 'Summer', 'BlessedCleaningTyler', 'Lily', 'SCounty', '3-4BR', 'Group 1', '2bdr', '8guest', 'hottub', 'Community Pool', 'OB4/18/22', 'Normal']",85.62,104.150277
95.0,68.4,4956.75,-6.93,2022-04-30,299.49,98.07,1-4BR Cabins / House,,107045,21,2026-09-06T02:12:42,1,1,165.3,2024-05-23,-1.86,135.0,144.78,43.38,hostaway,-38.66,3,3-4 Bedrooms,290.67,88.69,"Rob Hart 1141 (SCounty) -- The Hartland - Hot Tub, Jacuzzi, Arcade Game, Fireplace!",43.41,,3040.31,29.03,45.27,True,135.579123,-83.49490356,135.0,38.71,67.74,Sevierville,1983.56,-12.41,41.0,35.75889969,-2.95,"['Group 3', 'HA1', 'Lily', 'NotKnox', 'Safely', 'SCounty', 'BlessedCleaningTyler', 'Summer', '3-4BR', '1-2BR Cabin', 'Group 2', 'PF', 'McCookville', '3BDR', '8guest', 'hottub', 'OB4/20/22', 'Junior', 'Low 3-4BR']",156.05,126.179847
75.0,51.88,4145.08,10.33,2022-05-27,215.42,90.73,1-4BR Cabins / House,,109599,5,2026-09-01T01:58:08,1,1,201.04,2024-05-23,1.22,135.0,165.45,74.88,hostaway,-32.14,2,1-2 Bedroom Cabins,229.95,78.79,Brian Albaum 442 (SCity) -- Fishin' N Wishin'- Pet Friendly + HotTub!,37.5,,2812.73,29.03,36.28,True,78.154376,-83.58360291,137.0,25.81,54.84,Sevierville,1608.34,-17.7,117.0,35.8606987,6.74,"['1-2BR Cabin', 'Group 1', 'HA1', 'Katie', 'NotKnox', 'Pet', 'Safely', 'SCity', 'TendwellCleaning', 'Summer', 'OglesCleaningTrenton', 'SCounty', '3-4BR', 'Group 2', 'Sevierville', '2BDR', '5Guest', 'Hottub', 'Pond', 'OB5/11/22', 'Normal']",146.24,86.23125
100.0,0.0,0.0,-12.14,2022-06-13,319.37,0.0,1-4BR Cabins / House,,111312,0,2026-01-20T21:41:22,1,1,0.0,2024-05-23,-5.53,210.0,0.0,0.0,hostaway,0.0,3,3-4 Bedrooms,316.73,91.79,"Jay Hwang 936 (SCounty) -- Smokies Sunset: MTN Views, Hot Tub, Games & MORE!",42.94,,0.0,0.0,48.47,True,154.798639,-83.59049988,207.0,0.0,0.0,Sevierville,0.0,0.0,0.0,35.78099823,-0.83,"['Group 1', 'HA1', 'NotKnox', 'Safely', 'SCounty', 'Summer', 'BlessedCleaningTyler', '3-4BR', '1-2BR Cabin', 'PF', '3bdr', '8guest', 'hottub', 'OB5/27/22', 'Top', 'Med 3-4BR']",0.0,136.003862
80.0,32.01,4353.76,7.31,2022-06-05,213.72,38.88,1-4BR Cabins / House,,111417,0,2026-08-30T18:47:04,1,1,198.44,2024-05-23,3.99,130.0,172.17,21.46,hostaway,-72.32,2,1-2 Bedroom Condos,213.33,105.92,Barbara Dorr 229-203 (BC) -- Charming Cades Cove Condo - Community Amenities!,57.17,,1205.22,6.45,53.18,True,113.656296,-83.77059937,128.0,16.13,22.58,Townsend,992.22,-13.24,89.0,35.67689896,-0.18,"['1-2BR Condo', 'BC', 'Group 3', 'HA1', 'Junior', 'Katie', 'NotKnox', 'Safely', 'BlessedCleaningTyler', 'SCounty', '1-2BR Cabin', '3-4BR', 'Blake', 'Kyle', 'Townsend Condo', 'Townsend', 'condo', '2bdr', '6guest', 'OB5/27/22']",39.5,121.960761
95.0,87.68,6784.01,-12.17,2022-06-10,319.53,195.42,1-4BR Cabins / House,,111957,7,2026-09-02T21:39:02,1,1,226.51,2024-05-23,-5.73,220.0,288.48,122.88,hostaway,-10.7,3,3-4 Bedrooms,318.31,91.8,"Jay Hwang 920 (SCounty) -- Falcon's Lodge - Mtn View, Hot Tub, & Pool Table!",42.71,,6058.06,29.03,48.44,True,154.780332,-83.58920288,220.0,38.71,67.74,Sevierville,2718.15,27.36,86.5,35.78070068,-0.38,"['Group 1', 'HA1', 'NotKnox', 'Pet', 'Safely', 'SCounty', 'Summer', 'BlessedCleaningTyler', '3-4BR', '1-2BR Cabin', 'PF', '3BDR', '8guest', 'hottub', 'view', 'OB6/3/22', 'Top', 'Med 3-4BR']",158.6,135.950201
60.0,45.42,2584.98,3.21,2022-08-04,204.19,33.3,1-4BR Cabins / House,,113415,8,2026-08-30T18:25:21,1,1,127.99,2024-05-23,-0.01,100.0,116.55,-26.68,hostaway,-63.93,1,1-2 Bedroom Cabins,210.79,83.41,"Lewis Anderson 2691 (SCounty) -- Sevierville Tiny Home w/ Hot Tub, Fire Pit & Grill",39.62,,932.4,-9.67,39.63,True,80.92049700000001,-83.44979858,90.0,35.48,25.81,Sevierville,1407.88,-8.94,54.5,35.91350174,3.23,"['1-2BR Cabin', 'Group 3', 'HA1', 'Junior', 'Katie', 'NotKnox', 'Safely', 'SCounty', 'BlessedCleaningTyler', '3-4BR', 'Blake', 'Dandridge', 'tinyhome', 'hottub', '1bdr', '4guest', 'OB6/16/22']",72.11,83.51499799999999
95.0,60.62,3463.15,9.38,2022-06-30,379.83,78.36,1-4BR Cabins / House,,113999,7,2026-09-01T00:59:38,1,1,234.89,2024-05-23,2.9,150.0,186.86,29.26,hostaway,-29.86,4,3-4 Bedrooms,390.2,110.21,"Gregg VanHorn 4783 (BC) -- Quietside Cabin- Grill, Fire Pit, Fireplace!",47.73,,2429.12,16.13,44.83,True,170.27778899999998,-83.83699799,134.0,25.81,41.94,Walland,1879.15,-20.45,76.0,35.73910141,2.73,"['BC', 'EasyBNBAmanda', 'Group 2', 'HA1', 'Junior', 'Katie', 'Safely', '3-4BR', 'SCounty', '1-2BR Cabin', 'NotKnox', 'Summer', 'Townsend', 'Melrose', 'theater', '4bdr', '15guest', 'OB6/23/22', 'High 3-4BR']",87.87,186.24246
100.0,25.05,3274.3,-8.94,2022-08-05,389.09,87.12,1-4BR Cabins / House,,114919,6,2026-09-01T12:01:15,1,1,258.9,2024-05-23,-4.3,180.0,245.53,247.78,hostaway,-17.52,4,3-4 Bedrooms,393.63,86.21,"Stephen Fu 2107 (GAT) -- Serenity View- FirePit, Game Room, Community Pools",38.75,,2700.8,25.8,43.05,True,167.503245,-83.54989624,177.0,9.68,35.48,Gatlinburg,776.7,-5.16,69.0,35.70439911,1.17,"['GAT', 'Group 2', 'HA1', 'NotKnox', 'Safely', 'Summer', 'BlessedCleaningTyler', 'SCounty', '1-2BR Cabin', '3-4BR', 'Group 1', '4BDR', '14Guest', 'hottub', 'gameroom', 'OB7/1/22', 'Normal', 'Low 3-4BR']",91.56,152.53162500000002
80.0,62.1,3484.78,0.13,2022-08-20,327.98,106.82,1-4BR Cabins / House,,118217,22,2026-09-02T22:38:57,1,1,137.51,2024-05-23,-0.99,125.0,150.52,72.01,hostaway,-4.97,3,3-4 Bedrooms,335.2,95.15,Brian Hopp 3163 (SCounty) -- Hopp On Inn - Secluded 3BR Home!,47.93,,3311.42,25.81,48.92,True,160.44781600000002,-83.6521635,115.0,45.16,70.97,Sevierville,1925.08,9.46,49.0,35.7182217,2.2,"['Group 3', 'Junior', 'Katie', 'Pet', 'Safely', 'SCounty', 'BlessedCleaningTyler', '3-4BR', 'HA3', '1-2BR Cabin', 'Group 2', 'Kyle', 'NotKnox', '3bdr', 'dandridge', '7guest', 'OB8/9/22', 'Normal']",148.07,160.66136
100.0,130.25,7319.93,-13.09,2022-09-23,280.41,187.08,1-4BR Cabins / House,,122798,5,2026-09-03T19:58:08,1,1,252.36,2024-05-23,-5.26,180.0,231.98,43.63,hostaway,-20.77,3,3-4 Bedrooms,271.53,91.01,"Larry Burton 725 (SCounty) -- Forest Home - Hot Tub, Fire Pit & Pool Table!",46.09,,5799.51,29.04,51.35,True,143.99053500000002,-83.59799957,163.0,51.61,80.65,Pigeon Forge,4037.68,-8.08,99.0,35.80289841,-3.17,"['Group 3', 'HA1', 'Junior', 'Lily', 'NotKnox', 'Safely', 'SCounty', 'TendwellCleaning', 'FleurishAlicia', '3-4BR', '1-2BR Cabin', 'Blake', 'Feedback', 'PF', '3BDR', '9guest', 'hottub', 'gameroom', 'OB9/15/22', 'Med 3-4BR']",174.98,125.148177
100.0,116.38,6991.94,-1.66,2022-10-20,359.65,189.51,1-4BR Cabins / House,,122943,6,2026-08-26T13:48:00,1,1,277.52,2024-05-23,-1.79,180.0,247.82,62.84,hostaway,-53.92,3,3-4 Bedrooms,367.44,92.8,"Jana Baumann 2613 (SCounty) -- Honey Bear Hollow - Hot Tub, Fire Place, Game Room",45.96,,3221.67,0.0,47.75,True,171.73287499999998,-83.67630005,181.0,41.94,41.94,Sevierville,3607.81,-10.7,76.5,35.72639847,2.17,"['Group 1', 'HA1', 'Katie', 'NotKnox', 'Pet', 'Safely', 'SCounty', 'TendwellCleaning', 'Summer', '3-4BR', '1-2BR Cabin', 'Group 2', 'MagicleanAnya', 'PF', 'Wears Valley', '3BDR', '6Guest', 'View', 'Hottub', 'OB9/14/22', 'Junior', 'High 3-4BR']",166.38,168.87542399999998
95.0,132.01,5468.81,-9.05,2022-10-09,303.15,132.95,1-4BR Cabins / House,,125166,8,2026-09-06T14:26:02,1,1,240.73,2024-05-23,-2.3,210.0,274.76,0.71,hostaway,-24.64,3,3-4 Bedrooms,290.2,92.83,Eric Adams 814 (SCounty) -- Pet-friendly Rustic Cabin w/ Game Room and Deck,43.81,,4121.45,-6.45,46.11,True,139.782465,-83.50350189,215.0,54.84,48.39,Pigeon Forge,4092.45,14.14,48.0,35.75699997,-4.27,"['Group 2', 'HA1', 'NotKnox', 'Pet', 'Regina', 'Safely', 'SCounty', 'BlessedCleaningTyler', '3-4BR', '1-2BR Cabin', 'Blake', 'Feedback', 'Kyle', 'PF', 'McCookville', '3BDR', '8Guest', 'hottub', 'OB9/29/22', 'Normal', 'Low 3-4BR']",110.45,127.13662000000001
100.0,134.03,7811.8,-1.73,2023-04-25,296.05,187.87,1-4BR Cabins / House,,130957,4,2026-09-01T21:51:03,1,1,296.78,2024-05-23,0.24,250.0,363.99,40.17,hostaway,-25.45,2,1-2 Bedroom Cabins,289.42,90.13,Joey Henshaw 2420 (SCounty) -- A Shining Starr - Beautiful MTN Views & Hot Tub!,45.95,,5823.9,6.45,45.71,True,135.32445500000003,-83.5217006,250.0,45.16,51.61,Sevierville,4154.85,22.65,89.0,35.7935223,-2.24,"['1-2BR Cabin', 'Group 2', 'HA4', 'Katie', 'NORMAL', 'NotKnox', 'Safely', 'SCounty', 'BlessedCleaningTyler', '3-4BR', 'Kyle', 'PF', '2bdr', '8guest', 'view', 'hottub', 'OB11/9/22', 'Normal']",112.32,132.98849
80.0,13.1,3053.58,-11.78,2022-12-16,226.33,54.92,1-4BR Cabins / House,,133425,5,2026-09-01T22:46:01,1,1,126.64,2024-05-23,-1.01,125.0,170.25,319.24,hostaway,-44.25,2,1-2 Bedroom Condos,204.38,86.98,"Mary Bierds 3215-503 (PF) -- Dolly Dreams - Fireplace, Minutes to Dollywood!",42.86,,1702.45,22.58,43.87,True,99.29097100000001,-83.55809784,122.0,9.68,32.26,Pigeon Forge,379.93,34.44,60.0,35.79339981,-9.7,"['1-2BR Condo', 'Group 3', 'HA1', 'Junior', 'Lily', 'NotKnox', 'PF', 'Safely', 'BlessedCleaningTyler', 'SCounty', '1-2BR Cabin', '3-4BR', 'Summer', '2BDR', '6guest', 'Community', 'OB12/2/22']",75.27,87.597268
110.0,211.16,10043.68,-11.22,2023-03-10,423.73,0.0,1-4BR Cabins / House,,139943,0,2026-07-19T02:00:37,1,1,344.53,2024-05-23,-4.26,305.0,0.0,-100.0,hostaway,-100.0,4,3-4 Bedrooms,414.57,95.34,"Dylan Robinson 3738 (PF) -- Modern Cabin w/ Indoor Pool, MTN View, & Game Room",41.76,,0.0,-61.29,46.02,True,195.00054600000004,-83.5515989,328.0,61.29,0.0,Pigeon Forge,6546.01,-100.0,0.0,35.7786696,-2.16,"['Group 1', 'HA4', 'NotKnox', 'Pet', 'PF', 'Safely', 'Summer', 'BlessedCleaningTyler', '3-4BR', 'SCounty', '1-2BR Cabin', '4BDR', '14guest', 'hottub', 'indoor pool', 'ganeroom', 'OB02/22/23', 'Key', 'Low 3-4BR']",0.0,173.12443199999998
90.0,0.0,5181.0,54.08,2023-02-02,236.81,89.35,1-4BR Cabins / House,,142112,7,2026-09-06T02:29:19,1,1,0.0,2024-05-23,18.23,140.0,178.69,,hostaway,-55.16,2,1-2 Bedroom Cabins,208.18,61.99,Ashley May 1619 (SCounty) -- Home Sweet Hideaway - Retreat Near Pigeon Forge!,42.45,,2322.98,41.94,24.22,True,57.355382,-83.56077325,139.0,0.0,41.94,Sevierville,0.0,,41.0,35.82864425,-12.09,"['1-2BR Cabin', 'Group 1', 'HA1', 'NotKnox', 'Safely', 'SCounty', 'Summer', 'TendwellCleaning', 'FleurishAlicia', '3-4BR', '2BDR', '8guest', 'hottub', 'pooltable', 'OB1/23/23', 'Sevierville', 'Key']",117.79,88.37241
95.0,118.81,5379.43,11.0,2023-03-03,300.72,135.3,1-4BR Cabins / House,,147152,0,2026-09-05T03:42:29,1,1,368.31,2024-05-23,3.92,195.0,490.45,13.88,hostaway,-27.06,3,3-4 Bedrooms,301.66,100.45,"Kathleen Atkins 123 (SCounty) -- Smoky's Landing - Disc Golf, Game Room & Hot Tub",40.72,,3923.59,-6.45,36.8,True,110.66496000000001,-83.7693582,194.0,32.26,25.81,Seymour,3683.13,33.16,228.0,35.8776977,0.31,"['Group 2', 'HA1', 'NotKnox', 'Regina', 'Safely', 'SCounty', 'BlessedCleaningTyler', '3-4BR', '1-2BR Cabin', 'Kyle', 'Seymour', '3BDR', '12guest', 'gameroom', 'OB02/27/23', 'Normal', 'High 3-4BR']",67.76,122.83595200000002
110.0,161.98,6493.9,14.78,2023-05-20,380.38,273.67,1-4BR Cabins / House,,153098,8,2026-08-29T19:39:19,1,1,453.53,2024-05-23,3.75,240.0,326.3,68.95,hostaway,30.64,4,3-4 Bedrooms,402.28,105.99,Craig Sims 196 (BC) -- The Peaceful Perch-Fireplace & Community Amenities,47.69,,8483.7,51.61,43.94,True,167.138972,-83.8008676,238.0,32.26,83.87,Townsend,4535.3,-28.05,59.0,35.6641445,5.76,"['3-4BR', 'BC', 'Group 1', 'HA1', 'NotKnox', 'Safely', 'Summer', 'SCounty', '1-2BR Cabin', 'Group 2', 'TendwellCleaning', 'MaidTooPerfectionJessica', 'Townsend', '4bdr', '11guest', 'OB04/24/23', 'Normal', 'High 3-4BR']",175.86,191.847332
80.0,30.93,3145.2,34.93,2023-06-14,197.24,156.61,1-4BR Cabins / House,,169738,4,2026-09-03T02:06:29,1,1,232.0,2024-05-23,4.73,130.0,167.42,406.34,hostaway,54.36,2,1-2 Bedroom Condos,240.14,92.22,Earl Hodges 513-1 (GAT) -- Snowbird Sanctuary - Center of Gatlinburg!,48.41,,4855.04,80.65,43.68,True,86.154432,-83.515808,128.0,12.9,93.55,Gatlinburg,928.0,-27.84,55.5,35.7039537,21.75,"['1-2BR Condo', 'GAT', 'Group 2', 'HA1', 'Katie', 'NORMAL', 'Safely', 'TendwellCleaning', 'FleurishAlicia', 'SCounty', '1-2BR Cabin', '3-4BR', 'Kyle', 'NotKnox', '2BDR', '4guest', 'OB05/26/23', 'Key']",193.25,116.25177399999998
80.0,0.0,3415.67,34.93,2023-06-15,197.24,93.61,1-4BR Cabins / House,,170187,5,2026-09-05T20:40:10,1,1,0.0,2024-05-23,4.73,120.0,170.7,,hostaway,-15.04,2,1-2 Bedroom Cabins,240.14,92.22,Earl Hodges 513-3 (GAT) -- Skyline Sanctuary - Wrap Around Deck!,48.41,,2901.82,54.84,43.68,True,86.154432,-83.515808,117.0,0.0,54.84,Gatlinburg,0.0,,74.0,35.7039537,21.75,"['1-2BR Condo', 'GAT', 'Group 2', 'HA1', 'Katie', 'NORMAL', 'Safely', 'TendwellCleaning', 'FleurishAlicia', 'SCounty', '1-2BR Cabin', '3-4BR', 'Kyle', 'NotKnox', '2BDR', '4guest', 'OB05/26/23', 'Key', 'NewWatch']",113.28,116.25177399999998
80.0,56.21,3759.74,34.93,2023-06-16,197.24,152.28,1-4BR Cabins / House,,170188,3,2026-09-05T20:20:01,1,1,217.83,2024-05-23,4.73,135.0,174.85,170.91,hostaway,25.56,2,1-2 Bedroom Condos,240.14,92.22,Earl Hodges 513-4 (GAT) -- Convenient Gatlinburg Condo,48.41,,4720.81,61.29,43.68,True,86.154432,-83.515808,132.0,25.81,87.1,Gatlinburg,1742.64,-19.73,60.0,35.7039537,21.75,"['1-2BR Condo', 'FleurishAlicia', 'GAT', 'Group 2', 'HA1', 'Katie', 'NORMAL', 'NotKnox', 'Safely', 'SCounty', '1-2BR Cabin', '3-4BR', 'Kyle', '2BDR', '4guest', 'OB05/26/23', 'Key', 'NewWatch']",179.92,116.25177399999998
110.0,244.28,9941.58,-11.86,2023-07-01,417.91,111.14,1-4BR Cabins / House,,173889,0,2026-07-25T18:19:29,1,1,420.71,2024-05-23,-4.88,315.0,430.68,-54.5,hostaway,-65.34,4,3-4 Bedrooms,411.27,95.41,"Dylan Robinson 3742 (PF) -- Wildwood Retreat -Indoor Pool, Hot Tub & Game Area",41.87,,3445.4,-32.25,46.75,True,195.372925,-83.5506212,325.0,58.06,25.81,Pigeon Forge,7572.78,2.37,106.5,35.7781922,-1.59,"['Group 1', 'HA1', 'NotKnox', 'PF', 'Safely', 'Summer', 'BlessedCleaningTyler', '3-4BR', 'SCounty', '1-2BR Cabin', 'Key', 'High 3-4BR']",61.64,172.198749
110.0,286.32,9550.22,-12.2,2023-07-01,420.85,0.0,1-4BR Cabins / House,,173935,0,2026-07-07T20:40:40,1,1,369.84,2024-05-23,-4.84,310.0,0.0,-100.0,hostaway,-100.0,4,3-4 Bedrooms,412.39,96.25,Dylan Robinson 3746 (PF) -- Timber Pine Lodge - Indoor Pool & Hot Tub!,41.7,,0.0,-77.42,46.54,True,195.86359000000002,-83.5505047,333.0,77.42,0.0,Pigeon Forge,8876.06,-100.0,0.0,35.7778828,-2.01,"['Group 1', 'HA1', 'NotKnox', 'PF', 'Safely', 'Summer', 'BlessedCleaningTyler', '3-4BR', 'SCounty', '1-2BR Cabin', 'Key', 'Med 3-4BR']",0.0,171.96663
78.0,0.0,3636.25,7.31,2023-07-14,213.72,53.77,1-4BR Cabins / House,,175713,4,2026-08-28T17:19:56,1,1,0.0,2024-05-23,3.99,145.0,174.76,,hostaway,-61.55,2,1-2 Bedroom Cabins,213.33,105.92,Chris Shotwell 326-106 (BC) -- Elegant End Condo -Fireplace & Community Amenities,57.17,,1398.07,25.81,53.18,True,113.656296,-83.7697097,143.0,0.0,25.81,Townsend,0.0,,69.0,35.6779272,-0.18,"['1-2BR Cabin', 'BCounty', 'Group 3', 'HA1', 'Junior', 'Katie', 'NotKnox', 'Safely', 'BlessedCleaningTyler', 'SCounty', '1-2BR Condo', '3-4BR', 'BC', 'Blake', 'Kyle', 'Townsend Condo', 'townsend', 'community outdoor pool', '4guest', '2BDR']",53.82,121.960761
90.0,93.19,3943.51,-0.23,2023-08-04,266.84,167.61,1-4BR Cabins / House,,182772,14,2026-09-05T05:29:36,1,1,169.93,2024-05-23,-1.37,150.0,207.83,79.86,hostaway,31.76,2,1-2 Bedroom Cabins,274.02,89.58,"Jessica Jarboe 4159 (SCounty) -- Mountain Mist - Secluded Cabin, MTN View, Hot Tub!",46.88,,5195.8,25.81,48.25,True,128.75029999999998,-83.475753,150.0,54.84,80.65,Sevierville,2888.81,22.3,76.5,35.767477,2.69,"['1-2BR Cabin', 'Group 2', 'HA1', 'Junior', 'Katie', 'NotKnox', 'Safely', 'SCounty', 'BlessedCleaningTyler', '3-4BR', 'Blake', 'Group 3', 'Kyle']",172.03,128.460576
80.0,41.14,3478.99,21.97,2023-09-02,272.31,18.64,1-4BR Cabins / House,,191700,0,2026-08-20T21:24:18,1,1,141.7,2024-05-23,4.75,110.0,192.6,-54.69,hostaway,-83.39,3,3-4 Bedrooms,299.55,94.43,"Porter Landreth 616 (GAT) -- Top-Floor Condo | Fireplace, Pool & Balcony Views",48.41,,577.8,-19.35,43.66,True,118.890546,-83.5130287,106.0,29.03,9.68,Gatlinburg,1275.33,35.92,77.0,35.7052164,10.0,"['3-4BR', 'GAT', 'Group 2', 'Katie', 'NotKnox', 'Safely', 'Summer', 'TendwellCleaning', 'Key', 'FleurishAlicia', 'SCounty', 'HA3', '1-2BR Cabin', 'Group 1', 'HA1']",20.0,145.012155
140.0,0.0,559.65,-5.3,2023-09-28,467.04,239.5,1-4BR Cabins / House,,195316,3,2026-08-23T15:40:17,1,1,0.0,2024-05-23,-2.47,370.0,502.94,,hostaway,798.67,3,3-4 Bedrooms,464.69,103.88,"Stephanie Bowersock 658 (SCounty) -- Moonshiners Hideout - Hot Tub, Game Room & Pool!",48.79,,5029.42,32.26,51.26,True,239.40470399999998,-83.5299034,370.0,0.0,32.26,Gatlinburg,0.0,,104.0,35.7228338,-0.5,"['Group 1', 'HA1', 'Key', 'Lily', 'NotKnox', 'Safely', 'SCounty', 'TendwellCleaning', 'FleurishAlicia', '3-4BR', '1-2BR Cabin', 'High 3-4BR']",97.6,226.722251
140.0,114.56,7741.77,-2.46,2023-12-01,518.59,114.7,1-4BR Cabins / House,,202530,3,2026-08-31T14:40:39,1,1,394.59,2024-05-23,-1.71,350.0,507.94,0.12,hostaway,-54.07,4,3-4 Bedrooms,524.48,104.82,"Sridhar Kodati 2951 (SCounty) -- Mountain View Manor - Pool, Hot Tub & Game Room!",46.37,,3555.6,-6.45,48.08,True,249.338072,-83.5915431,349.0,29.03,22.58,Sevierville,3551.27,28.73,76.5,35.758499,1.14,"['Group 1', 'HA1', 'NotKnox', 'Safely', 'SCounty', 'Summer', 'TendwellCleaning', 'BlessedCleaningTyler', '3-4BR', '1-2BR Cabin', 'Low 3-4BR']",48.7,243.20137599999998
100.0,168.74,5822.94,7.83,2024-02-16,452.92,197.84,1-4BR Cabins / House,,219208,2,2026-09-02T23:11:16,1,1,290.6,2024-05-23,1.41,220.0,306.65,17.25,hostaway,5.32,4,3-4 Bedrooms,472.46,98.49,"Doug Poll 740 (SCounty) -- Private Escape: Firepit, Hot Tub, Pets OK<20lbs",43.28,,6132.9,6.46,41.87,True,189.63760399999998,-83.6654839,210.0,58.06,64.52,Sevierville,5230.79,5.52,86.0,35.8361898,4.31,"['Group 2', 'HA1', 'NotKnox', 'Safely', 'SCounty', 'Summer', 'TendwellCleaning', 'BlessedCleaningTyler', '3-4BR', '1-2BR Cabin', 'NewWatch']",149.08,204.48068800000001
95.0,109.89,5140.84,0.27,2024-01-13,249.42,136.07,1-4BR Cabins / House,,221975,11,2026-08-27T14:29:09,1,1,199.18,2024-05-23,-0.34,190.0,224.11,23.82,hostaway,-25.89,1,1-2 Bedroom Cabins,251.92,93.43,JP Davanzo 327 (SCounty) -- Dream on the Stream -HotTub+PoolTable+FirePit+MORE,46.62,,3809.82,3.23,46.96,True,117.12763199999999,-83.5338171,194.0,51.61,54.84,Pigeon Forge,3186.83,12.52,60.0,35.760422,1.0,"['1-2BR Cabin', 'Group 2', 'HA1', 'Katie', 'NotKnox', 'Safely', 'SCounty', 'TendwellCleaning', 'OglesCleaningTrenton', 'Summer', '3-4BR', 'Kyle']",130.22,117.445104
75.0,0.0,3265.53,1.6,2024-02-15,233.63,73.97,1-4BR Cabins / House,,231192,9,2026-09-05T13:57:41,1,1,0.0,2024-05-23,-0.77,105.0,127.39,,hostaway,-29.78,2,1-2 Bedroom Cabins,241.76,88.18,"Roger Bell 3729 (PF) -- Papa Bear's Hideaway -Stunning Views, Theme Park",41.53,,2292.96,58.06,42.3,True,98.82548999999999,-83.5380212,103.0,0.0,58.06,Pigeon Forge,0.0,,57.0,35.7925538,3.48,"['1-2BR Cabin', 'Group 2', 'Katie', 'NORMAL', 'NotKnox', 'PF', 'Safely', 'BlessedCleaningTyler', 'SCounty', 'HA3', '1-2BR Condo', '3-4BR', 'Kyle', 'NewWatch']",139.8,100.40292799999999
80.0,47.43,4083.5,-3.46,2024-02-16,250.38,66.01,1-4BR Cabins / House,,232744,13,2026-09-05T16:57:56,1,1,163.36,2024-05-23,0.02,130.0,136.43,39.17,hostaway,-49.88,2,1-2 Bedroom Cabins,241.6,83.94,Matthew Long 1363 (JC) -- Chalet Amelia: A Stunning Lakeside Retreat with Hot Tub & Game Room!,37.53,,2046.46,19.36,37.51,True,93.917538,-83.3928443,129.0,29.03,48.39,Sevierville,1470.25,-16.49,53.0,35.9347255,-3.51,"['1-2BR Cabin', 'Group 1', 'HA1', 'JC', 'NotKnox', 'Safely', 'Summer', 'BlessedCleaningTyler', 'SCounty', '3-4BR', 'NewWatch']",128.94,90.67248
105.0,139.16,4934.87,-5.41,2024-04-06,394.76,183.69,1-4BR Cabins / House,,244186,6,2026-08-23T19:49:20,1,1,239.67,2024-05-23,-4.21,210.0,284.72,32.0,hostaway,15.39,4,3-4 Bedrooms,411.49,86.5,Rohan Thakker 653 (PF) -- 5 Mins to Pigeon Forge Strip w/Porch Swing & Grill,41.28,,5694.5,6.46,45.49,True,179.576324,-83.5809702,202.0,58.06,64.52,Pigeon Forge,4314.02,18.8,87.0,35.7893566,4.24,"['Group 2', 'HA1', 'Katie', 'NotKnox', 'Pet', 'PF', 'TendwellCleaning', 'BlessedCleaningTyler', 'Safely', '3-4BR', 'SCounty', '1-2BR Cabin', 'Summer']",156.3,169.863072
90.0,111.3,5102.77,5.37,2024-04-26,260.96,143.22,1-4BR Cabins / House,,257347,17,2026-09-05T00:00:35,1,1,156.83,2024-05-23,-0.06,160.0,221.99,28.68,hostaway,-12.99,2,1-2 Bedroom Cabins,275.33,90.83,"Sandra Pernavaite 1617 (SCounty) -- Allure Woods: View, HotTub, Outdoor Dining & Games",46.51,,4439.7,-6.45,46.57,True,121.529072,-83.6330353,155.0,70.97,64.52,Sevierville,3450.27,41.55,56.5,35.8149448,5.51,"['1-2BR Cabin', 'Group 2', 'HA1', 'Katie', 'NotKnox', 'Safely', 'SCounty', 'BlessedCleaningTyler', 'Summer', '3-4BR', 'Kyle']",138.72,128.05598299999997
80.0,47.79,4795.37,-4.42,2024-07-05,297.03,15.83,1-4BR Cabins / House,,268281,3,2026-09-02T15:03:18,1,1,211.63,2024-05-23,-3.44,180.0,163.59,-66.88,hostaway,-89.77,2,1-2 Bedroom Cabins,305.77,93.47,"Megan Waymire 3770 (SCounty) -- Ravens Hollow - Private Pool, Hot Tub, & Games!",44.64,,490.78,-12.9,48.08,True,142.81202399999998,-83.599304,180.0,22.58,9.68,Pigeon Forge,1481.4,-22.7,40.0,35.732781,2.94,"['1-2BR Cabin', 'Group 2', 'HA5', 'Katie', 'NORMAL', 'NotKnox', 'Safely', 'SCounty', 'BlessedCleaningTyler', '3-4BR', 'Kyle']",21.68,136.495728
100.0,164.3,6698.1,-2.14,2024-06-07,287.76,149.7,1-4BR Cabins / House,,276205,9,2026-09-06T03:09:54,1,1,299.61,2024-05-31,-0.4,250.0,356.98,-8.89,hostaway,-30.71,3,3-4 Bedrooms,284.11,88.19,Anthony Simoncini 2852 (PF) -- Private Indoor Pool Cabin w/ Game Room & Hot Tub!,45.04,,4640.8,-12.9,45.44,True,130.758144,-83.5821045,269.0,54.84,41.94,Pigeon Forge,5093.3,19.15,51.0,35.7969547,-1.27,"['3-4BR', 'Group 2', 'HA5', 'NotKnox', 'PF', 'Regina', 'Safely', 'BlessedCleaningTyler', 'SCounty', '1-2BR Cabin', 'Kyle']",93.12,127.96314400000001
95.0,56.97,4852.28,6.57,2024-06-12,251.17,158.43,1-4BR Cabins / House,,276567,10,2026-08-31T18:19:55,1,1,236.01,2024-06-05,2.54,200.0,196.46,178.09,hostaway,1.22,3,3-4 Bedrooms,254.79,106.81,Mike Lillie 536 (BC) -- Townsend Gem: Retreat with Hot Tub & Fire Pit,52.81,,4911.42,58.07,50.27,True,126.263159,-83.8134074,170.0,22.58,80.65,Townsend,1652.05,-16.76,72.0,35.6643339,1.44,"['3-4BR', 'BC', 'Group 2', 'HA2', 'Safely', 'Summer', 'BlessedCleaningTyler', 'KnoxStaytion', 'SCounty', '1-2BR Cabin', 'NotKnox']",152.72,134.554599
95.0,138.53,5830.41,0.13,2024-07-11,340.08,149.84,1-4BR Cabins / House,,277224,0,2026-09-01T00:42:18,1,1,238.57,2024-06-14,-0.4,195.0,258.05,8.16,hostaway,-20.33,3,3-4 Bedrooms,343.49,87.35,"Megan Helms 1469 (SCounty) -- Helms Hollow: Theater, Hot Tub, & Fire Pit!",45.69,,4644.9,0.0,46.09,True,156.742872,-83.51434,186.0,58.06,58.06,Sevierville,4294.28,8.17,87.0,35.8064633,1.0,"['Group 2', 'HA2', 'Lily', 'NORMAL', 'NotKnox', 'Safely', 'SCounty', 'BlessedCleaningTyler', '3-4BR', '1-2BR Cabin', 'Kyle']",127.07,156.940581
90.0,88.54,4910.34,-8.59,2024-09-12,315.18,97.18,1-4BR Cabins / House,,278500,8,2026-09-05T17:48:17,1,1,249.51,2024-06-27,-2.29,165.0,231.74,9.76,hostaway,-38.65,3,3-4 Bedrooms,303.05,91.0,"Nora Merriman 757 (PF) -- Moose Tracks Lodge: Hot Tub, Arcade & Pet Friendly!",44.17,,3012.59,6.46,46.46,True,146.432628,-83.5698165,165.0,35.48,41.94,Pigeon Forge,2744.61,-7.12,49.0,35.7847136,-3.85,"['Group 2', 'HA2', 'Lily', 'NORMAL', 'NotKnox', 'PF', 'Safely', 'BlessedCleaningTyler', '3-4BR', 'SCounty', '1-2BR Cabin']",94.95,133.85718500000002
100.0,0.0,4052.08,0.79,2024-06-28,445.63,105.07,1-4BR Cabins / House,,281864,0,2026-08-01T22:30:57,1,1,0.0,2024-06-19,0.19,170.0,203.58,,hostaway,-19.61,4,3-4 Bedrooms,447.21,93.05,"Misty Mcintyre 2729 (SCounty) -- Buck Board Lodge w/ Hot Tub, Fire Pit & Game Room!",44.12,,3257.3,51.61,43.93,True,195.76525900000001,-83.7116733,162.0,0.0,51.61,Sevierville,0.0,,101.0,35.7328496,0.35,"['Group 2', 'HA2', 'Lily', 'NORMAL', 'NotKnox', 'Safely', 'SCounty', 'BlessedCleaningTyler', '3-4BR', '1-2BR Cabin', 'TendwellCleaning']",116.98,197.30905199999998
100.0,116.45,4941.82,-6.92,2024-08-03,387.45,95.67,1-4BR Cabins / House,,291806,3,2026-09-01T13:54:21,1,1,300.82,2024-07-26,-3.39,210.0,174.45,-17.84,hostaway,-39.99,4,3-4 Bedrooms,392.2,86.9,"Lucy McCandless 1125 (GAT) -- RidgeView - Games, Fireplace & Pool!",38.73,,2965.63,16.13,42.12,True,163.19394,-83.5531737,201.0,38.71,54.84,Gatlinburg,3609.82,-42.01,80.0,35.7086589,1.23,"['3-4BR', 'GAT', 'Group 2', 'HA2', 'Lily', 'NORMAL', 'NotKnox', 'Safely', 'TendwellCleaning', 'FleurishAlicia', 'SCounty', '1-2BR Cabin', 'Kyle']",141.6,151.89906
105.0,220.36,6390.46,8.34,2024-08-11,380.22,164.0,1-4BR Cabins / House,,291913,1,2026-09-04T22:29:14,1,1,290.48,2024-08-01,1.93,260.0,340.62,-25.58,hostaway,-30.71,4,3-4 Bedrooms,395.64,105.16,"Nathan Sukhia 843 (BC) -- Firefly Ridge: MTN View, Hot Tub, Theater, GAMES!",48.78,,4428.06,-29.03,46.85,True,178.13307,-83.755304,254.0,70.97,41.94,Townsend,6390.46,17.26,148.0,35.660358,4.06,"['3-4BR', 'BC', 'Group 2', 'HA2', 'MaidTooPerfection', 'Pet', 'Safely', 'Summer', 'KnoxStaytion', 'SCounty', '1-2BR Cabin', 'Kyle', 'NotKnox', 'TendwellCleaning', 'MaidTooPerfectionJessica']",98.71,192.993192
60.0,0.0,1505.6,29.47,2024-12-26,220.29,20.29,1-4BR Cabins / House,,291937,4,2026-09-01T08:17:31,1,1,0.0,2024-11-20,7.46,85.0,157.25,,hostaway,-58.22,1,1-2 Bedroom Condos,240.5,74.28,Dan and Melissa Hanlon 131-1 (SCity) -- Cedar's Condo - Modern Downtown Escape,47.59,,629.0,12.9,40.13,True,88.402377,-83.5646653,84.0,0.0,12.9,Sevierville,0.0,,52.0,35.8654746,9.17,"['Group 3', 'HA2', 'Junior', 'Lily', 'NotKnox', 'Safely', 'SCity', 'BlessedCleaningTyler', '3-4BR', '1-2BR Cabin', '1-2BR Condo', 'KnoxStaytion', 'SCounty', 'Summer']",27.11,114.45395
75.0,35.45,2319.65,7.94,2025-03-14,210.94,30.83,1-4BR Cabins / House,,294839,5,2026-08-31T16:10:07,1,1,157.01,2025-02-11,2.41,90.0,159.29,-13.03,hostaway,-58.8,2,1-2 Bedroom Condos,213.12,77.5,Dan and Melissa Hanlon 131-2 (SCity) -- Cedar Peak Condo - Downtown Sevierville,37.65,,955.74,-3.23,35.24,True,74.335256,-83.5646653,88.0,22.58,19.35,Sevierville,1099.05,1.45,53.5,35.8654746,1.03,"['1-2BR Condo', 'Group 3', 'HA1', 'Junior', 'Lily', 'Safely', 'SCity', 'BlessedCleaningTyler', '1-2BR Cabin', '3-4BR', 'NotKnox', 'SCounty', 'Summer']",51.39,80.23968
105.0,189.92,8391.04,-3.77,2024-10-11,444.5,192.98,1-4BR Cabins / House,,308118,0,2026-08-23T16:27:04,1,1,346.32,2024-10-02,-1.43,280.0,284.87,1.61,hostaway,-28.71,4,3-4 Bedrooms,441.86,101.52,"Sean Gagnon 411 (GAT) -- Bigfoots Hideout: Hot Tub, LifeSize Games, Theater",43.37,,5982.3,12.9,44.8,True,199.136,-83.4488069,,54.84,67.74,Gatlinburg,5887.38,-17.74,90.0,35.744081,-0.59,"['GAT', 'Group 1', 'HA5', 'NotKnox', 'Safely', 'Summer', 'TendwellCleaning', 'BlessedCleaningTyler', '3-4BR', 'SCounty', '1-2BR Cabin', 'Kyle']",156.19,191.634682
95.0,92.88,6303.82,-6.24,2024-11-01,366.99,123.86,1-4BR Cabins / House,,318372,3,2026-09-04T13:00:41,1,1,261.75,2024-10-25,-3.85,180.0,225.86,33.35,hostaway,-39.09,3,3-4 Bedrooms,374.3,90.55,"Jason Whitehead 659 (GAT) -- Bears Corner w/ Hot Tub, Arcade & Community Pool!",43.86,,3839.63,19.36,47.71,True,175.090929,-83.4808639,181.0,35.48,54.84,Gatlinburg,2879.25,-13.71,91.0,35.7393504,1.99,"['GAT', 'Group 2', 'HA1', 'Katie', 'NORMAL', 'NotKnox', 'Safely', 'TendwellCleaning', 'BlessedCleaningTyler', '3-4BR', 'SCounty', '1-2BR Cabin', 'Kyle']",125.03,164.16798
110.0,119.31,6936.86,-2.69,2024-11-15,518.05,192.48,1-4BR Cabins / House,,320089,2,2026-09-04T17:28:06,1,1,308.22,2024-10-24,-2.56,250.0,351.0,61.33,hostaway,-13.98,4,3-4 Bedrooms,532.61,106.81,"Chad McDaniel 3012 (SCounty) -- Mountain Haven: Hot Tub, Pool, Arcade,Theater Room",45.3,,5966.96,16.13,47.86,True,247.93872999999996,-83.5901742,257.0,38.71,54.84,Sevierville,3698.61,13.88,78.5,35.7604897,2.81,"['Group 1', 'HA1', 'NotKnox', 'Safely', 'SCounty', 'Summer', 'BlessedCleaningTyler', '3-4BR', '1-2BR Cabin', 'Kyle']",121.06,241.27233
95.0,77.31,4706.76,5.12,2024-11-22,294.68,90.02,1-4BR Cabins / House,,322586,10,2026-08-25T16:47:11,1,1,217.88,2024-11-08,0.45,160.0,214.67,16.44,hostaway,-40.71,3,3-4 Bedrooms,306.2,83.47,"Chris Scarth 1091 (SCounty) -- Highland Haven w/ Hot Tub, Grill & Pool!",39.19,,2790.76,6.46,38.74,True,114.15903200000001,-83.6097624,152.0,35.48,41.94,Sevierville,2396.67,-1.47,57.0,35.8501857,3.91,"['Group 2', 'HA1', 'Lily', 'NORMAL', 'NotKnox', 'Safely', 'SCounty', 'BlessedCleaningTyler', '3-4BR', '1-2BR Cabin']",107.02,119.99977999999999
78.0,94.06,4458.48,7.76,2024-12-26,214.13,53.04,1-4BR Cabins / House,,332092,4,2026-08-30T23:49:30,1,1,153.47,2024-12-10,4.03,120.0,149.49,-43.61,hostaway,-63.12,2,1-2 Bedroom Cabins,214.3,105.49,Renee Carter 123 (BC) -- Peaceful Heights with Cozy Decks & a Smart TV!,56.54,,1644.36,-25.81,52.51,True,112.439663,-83.8028271,119.0,61.29,35.48,Townsend,2915.92,-2.59,71.0,35.6753436,0.08,"['1-2BR Cabin', 'BCounty', 'Group 2', 'HA1', 'Katie', 'NORMAL', 'NotKnox', 'Safely', 'TendwellCleaning', 'SCounty', '3-4BR', 'BC', 'Kyle', 'MaidTooPerfectionJessica']",62.75,121.16522
70.0,28.85,2218.71,-0.43,2025-03-12,236.36,58.12,1-4BR Cabins / House,,336439,2,2026-09-05T17:04:32,1,1,97.36,2025-02-19,-1.46,130.0,116.24,101.46,hostaway,-26.65,2,1-2 Bedroom Cabins,243.7,89.35,Nicole Allison 3690 (PF) -- Cozy Smoky Mountain Escape w/ Private Deck & Community Pool,41.07,,1627.37,19.35,42.53,True,100.523908,-83.5375605,125.0,25.81,45.16,Pigeon Forge,778.85,19.39,66.0,35.7922091,3.11,"['1-2BR Cabin', 'GAT', 'Group 3', 'HA1', 'Junior', 'Lily', 'NotKnox', 'Safely', 'BlessedCleaningTyler', 'SCounty', '3-4BR', 'Pet', 'PF']",121.74,100.08759
90.0,38.35,4044.95,17.15,2025-02-14,358.72,74.58,1-4BR Cabins / House,,336450,10,2026-08-31T03:22:10,1,1,198.17,2025-01-02,10.22,130.0,144.5,94.47,hostaway,-42.84,3,3-4 Bedrooms,325.21,81.32,"Chris Montagna 2104 (SCounty) -- Peaky Woods Cabin - Hot Tub, Game Room,  MTN Views",45.19,,2312.0,32.26,34.97,True,125.44438400000001,-83.632794,131.0,19.35,51.61,Sevierville,1189.0,-27.08,63.0,35.9009342,-9.34,"['Group 2', 'HA1', 'Katie', 'NotKnox', 'Pet', 'Safely', 'SCounty', 'BlessedCleaningTyler', '3-4BR', 'Summer', '1-2BR Cabin', 'Kyle']",114.21,146.96239899999998
100.0,173.64,5911.21,-1.03,2025-03-16,302.37,167.25,1-4BR Cabins / House,,349839,15,2026-08-13T04:28:33,1,1,215.31,2025-01-17,0.61,165.0,207.38,-3.68,hostaway,-12.29,2,1-2 Bedroom Cabins,295.36,89.28,"Daniel Shepherd 2005 (SCounty) -- Valley View Cabin: View, Hot Tub, Fireplace, Grill",46.72,,5184.6,0.0,46.11,True,139.422807,-83.5188848,165.0,80.65,80.65,Sevierville,5382.81,-3.68,73.0,35.7920743,-2.32,"['1-2BR Cabin', 'Group 2', 'HA1', 'NotKnox', 'Safely', 'SCounty', 'Summer', 'BlessedCleaningTyler', 'HA3', '3-4BR']",172.62,137.992192
95.0,94.76,4565.15,-2.36,2025-02-14,349.32,123.76,1-4BR Cabins / House,,349853,5,2026-09-01T14:41:27,1,1,209.83,2025-01-20,0.43,180.0,213.14,30.6,hostaway,-15.96,3,3-4 Bedrooms,337.84,102.84,"Walter Franey 2170 (SCounty) -- Big Blue Mist w/ Hot Tub, Grill, Fireplace & GAMES",45.25,,3836.56,12.9,44.82,True,156.565224,-83.6503589,169.0,45.16,58.06,Sevierville,2937.6,1.58,92.0,35.7957236,-3.29,"['1-2BR Cabin', 'Group 1', 'HA1', 'NotKnox', 'Safely', 'SCounty', 'Summer', 'TendwellCleaning', 'BlessedCleaningTyler', '3-4BR', 'Group 2']",128.31,152.87259999999998
90.0,78.79,4622.58,-12.3,2025-03-09,290.75,88.18,1-4BR Cabins / House,,351688,8,2026-08-31T17:27:22,1,1,222.04,2025-02-11,-4.79,170.0,210.28,11.92,hostaway,-40.86,3,3-4 Bedrooms,284.5,86.81,"Josh Cowan 2683 (PF) -- Valley Heights w/ Hot Tub, Life Suze Games, Lounge",41.4,,2733.62,6.46,46.19,True,134.29742499999998,-83.5808103,167.0,35.48,41.94,Pigeon Forge,2442.48,-5.3,69.5,35.7995896,-2.15,"['3-4BR', 'Group 2', 'HA1', 'Katie', 'NotKnox', 'PF', 'Safely', 'TendwellCleaning', 'FleurishAlicia', 'Summer', 'SCounty', '1-2BR Cabin', 'Kyle']",101.3,117.783
70.0,0.0,292.0,1.93,2025-03-06,191.97,57.85,1-4BR Cabins / House,,356560,16,2026-08-31T16:43:24,1,1,0.0,2025-02-19,-0.02,110.0,112.08,,hostaway,514.15,1,1-2 Bedroom Cabins,195.78,86.38,"Laurie Keenan 2587 (SCounty) -- Whiskey Stone - Hot Tub, Fireplace, Grill & Arcade",37.45,,1793.33,51.61,37.47,True,71.931159,-83.4824517,109.0,0.0,51.61,Sevierville,0.0,,58.0,35.9258294,1.98,"['1-2BR Cabin', 'Group 2', 'HA1', 'NotKnox', 'Regina', 'Safely', 'SCounty', 'TendwellCleaning', 'BlessedCleaningTyler', '3-4BR', 'Kyle']",137.81,73.31961
75.0,20.45,3325.01,3.29,2025-03-13,228.41,0.0,1-4BR Cabins / House,,356571,0,2026-09-04T17:08:35,1,1,105.64,2025-02-11,0.95,110.0,0.0,-100.0,hostaway,-100.0,2,1-2 Bedroom Cabins,229.77,84.89,"Laurie Keenan 2589 (SCounty) -- Whiskey Barrel w/ Hot Tub, Arcade Game & Fire Pit!",36.47,,0.0,-19.35,35.52,True,81.13123200000001,-83.4822955,112.0,19.35,0.0,Sevierville,633.81,-100.0,0.0,35.9258315,0.6,"['1-2BR Cabin', 'Group 2', 'HA1', 'NotKnox', 'Regina', 'Safely', 'SCounty', 'TendwellCleaning', 'BlessedCleaningTyler', '3-4BR', 'Kyle']",0.0,83.79711900000001
85.0,43.37,4772.76,3.25,2025-02-28,276.71,68.36,1-4BR Cabins / House,,356573,7,2026-08-31T02:45:17,1,1,224.09,2025-02-13,0.99,135.0,176.61,57.62,hostaway,-55.6,2,1-2 Bedroom Cabins,278.81,92.98,"Stephen Obeng 1580 (GAT) -- Wanderers Retreat: Hot Tub, Multicade, Grill, MORE",41.09,,2119.29,19.36,40.1,True,110.96071,-83.5519819,131.0,19.35,38.71,Gatlinburg,1344.51,-21.19,78.0,35.7002828,0.76,"['GAT', 'Group 2', 'Safely', 'Summer', 'TendwellCleaning', 'SCounty', 'HA3', '1-2BR Cabin', '3-4BR', 'BlessedCleaningTyler', 'HA1', 'Kyle', 'NotKnox']",94.21,114.56302900000001
105.0,108.94,7607.86,-6.85,2025-03-07,294.48,189.36,1-4BR Cabins / House,,357048,4,2026-08-24T20:48:19,1,1,307.0,2025-03-04,-2.61,265.0,279.53,73.82,hostaway,-22.84,3,3-4 Bedrooms,290.88,87.52,"Shaun Halberstadt 417 (PF) -- Twilight Mist Getaway | Pool, Hot Tub + Game Room!",43.2,,5870.09,32.26,45.81,True,134.90128800000002,-83.5796177,264.0,35.48,67.74,Pigeon Forge,3377.01,-8.95,81.0,35.7963508,-1.22,"['3-4BR', 'Group 1', 'HA1', 'NotKnox', 'PF', 'Safely', 'Summer', 'BlessedCleaningTyler', 'SCounty', '1-2BR Cabin']",156.81,125.66016000000002
95.0,0.0,4651.75,-3.09,2025-03-13,319.67,71.23,1-4BR Cabins / House,,363185,14,2026-09-05T22:19:12,1,1,0.0,2025-02-27,-2.59,140.0,157.72,,hostaway,-52.53,3,3-4 Bedrooms,328.45,91.16,"Sanjay Arukala 1728 (SCounty) -- Bear Paw Hideaway: Hot Tub, Theater & Multicade!",42.99,,2208.11,45.16,45.58,True,145.705586,-83.6283831,146.0,0.0,45.16,Sevierville,0.0,,43.0,35.8096119,2.75,"['Group 2', 'HA1', 'Katie', 'NORMAL', 'NotKnox', 'Safely', 'SCounty', 'TendwellCleaning', 'OglesCleaningTrenton', '3-4BR', '1-2BR Cabin']",105.05,141.200655
90.0,84.48,5293.01,3.8,2025-04-04,240.08,109.73,1-4BR Cabins / House,,366682,11,2026-09-05T17:06:20,1,1,174.59,2025-03-07,2.97,160.0,188.98,29.89,hostaway,-35.73,2,1-2 Bedroom Cabins,232.67,80.06,"Kim Mills 2222 (PF) -- Beary Cottage | Hot Tub, Grill & Arcade Games!",44.74,,3401.68,9.67,41.77,True,100.28141600000001,-83.5693025,160.0,48.39,58.06,Pigeon Forge,2618.81,8.24,66.0,35.8150229,-3.09,"['1-2BR Cabin', 'Group 1', 'HA1', 'NotKnox', 'Pet', 'PF', 'Summer', 'BlessedCleaningTyler', 'SCounty', '3-4BR', 'Kyle']",129.77,104.096558
100.0,93.66,4856.22,5.34,2025-03-14,391.17,0.0,1-4BR Cabins / House,,367835,0,2026-07-01T20:59:07,1,1,241.97,2025-03-06,1.16,155.0,0.0,-100.0,hostaway,-100.0,4,3-4 Bedrooms,402.05,104.16,"Cristina Turcan 8540 (BC) -- The Skinners Cabin: Hot Tub, Fireplace & Grill!",47.67,,0.0,-38.71,46.51,True,181.933167,-83.7202355,155.0,38.71,0.0,Townsend,2903.6,-100.0,0.0,35.6717372,2.78,"['3-4BR', 'BC', 'Group 2', 'HA1', 'NotKnox', 'Regina', 'Safely', 'TendwellCleaning', 'SCounty', '1-2BR Cabin', 'Kyle', 'MaidTooPerfectionJessica', 'EasyBNBAmanda']",0.0,191.65723500000001
95.0,52.69,5357.25,2.92,2025-03-27,332.66,96.47,1-4BR Cabins / House,,367983,16,2026-09-06T15:13:51,1,1,204.16,2025-03-06,0.7,160.0,186.92,83.09,hostaway,-44.17,3,3-4 Bedrooms,337.04,87.05,"Erica Sadler 1625 (SCounty) -- Bear Claw Hideaway | View, Hot Tub, LifeSize Gamesb",44.83,,2990.7,25.8,44.13,True,146.80285800000001,-83.502251,167.0,25.81,51.61,Sevierville,1633.25,-8.44,49.0,35.7927701,1.32,"['Group 2', 'HA1', 'Lily', 'NORMAL', 'NotKnox', 'Pet', 'Safely', 'SCounty', 'BlessedCleaningTyler', '3-4BR', '1-2BR Cabin', 'MagicleanAnya']",115.12,151.095032
90.0,46.87,4186.26,-1.9,2025-06-13,264.75,53.4,1-4BR Cabins / House,,370119,10,2026-09-04T19:20:27,1,1,207.56,2025-03-12,0.09,145.0,165.55,13.93,hostaway,-60.45,2,1-2 Bedroom Cabins,259.21,92.13,"Kylie Willis 914 (SCounty) -- Blue Mist Lodge: Hot Tub, Outdoor Lounge, MORE",46.84,,1655.5,9.68,46.75,True,123.77062500000001,-83.5026824,135.0,22.58,32.26,Sevierville,1452.93,-20.24,30.0,35.7561229,-2.09,"['1-2BR Cabin', 'Group 2', 'HA1', 'Lily', 'Pet', 'Safely', 'SCounty', 'TendwellCleaning', 'BlessedCleaningTyler', 'NotKnox', 'Summer', '3-4BR', 'Group 1', 'Kyle']",68.87,121.41396399999999
65.0,16.17,3676.65,10.79,2025-03-28,233.73,87.61,1-4BR Cabins / House,,370142,19,2026-09-05T19:05:16,1,1,167.1,2025-03-12,0.96,115.0,142.94,441.81,hostaway,-26.13,1,1-2 Bedroom Cabins,253.72,89.0,Michael Hooper 2335 (SCounty) -- The Secret Nest | Hot Tub & Jacuzzi Tub + Pet Friendly!,47.5,,2715.87,51.61,46.54,True,108.77794199999998,-83.6396275,115.0,9.68,61.29,Sevierville,501.3,-14.46,66.0,35.8046713,8.55,"['1-2BR Cabin', 'Group 3', 'HA1', 'NotKnox', 'Pet', 'Regina', 'Safely', 'SCounty', 'BlessedCleaningTyler', '3-4BR', 'Group 2', 'Kyle']",129.03,120.51700000000001
100.0,12.1,5625.63,4.03,2025-03-17,336.74,93.21,1-4BR Cabins / House,,370390,13,2026-09-06T11:33:05,1,1,187.5,2025-03-12,-0.4,185.0,222.26,670.33,hostaway,-48.64,3,3-4 Bedrooms,353.41,89.89,"Walter Franey 3325 (SCounty) -- Big Blue Ridge | MTN Views, Hot Tub, Pool Table!",45.0,,2889.41,35.49,45.4,True,152.87995999999998,-83.6564496,179.0,6.45,41.94,Sevierville,375.0,18.54,49.0,35.7447704,4.95,"['1-2BR Cabin', 'Group 1', 'HA1', 'NotKnox', 'Safely', 'SCounty', 'Summer', 'TendwellCleaning', 'BlessedCleaningTyler', '3-4BR']",93.2,159.0345
105.0,261.63,8536.0,-1.5,2025-03-26,398.6,171.05,1-4BR Cabins / House,,370546,7,2026-09-03T15:50:19,1,1,341.26,2025-03-12,-3.1,220.0,353.51,-34.62,hostaway,-37.88,4,3-4 Bedrooms,422.71,96.04,"Kristen Cannon 428 (GAT) -- Moody Mountain Lodge: MTN Views, Hot Tub, GameRoom",40.44,,5302.63,-25.8,43.54,True,173.55044,-83.4613102,228.0,74.19,48.39,Gatlinburg,7849.0,3.59,77.0,35.73221,6.05,"['GAT', 'Group 2', 'HA1', 'NotKnox', 'Safely', 'Summer', 'TendwellCleaning', 'BlessedCleaningTyler', '3-4BR', 'SCounty', '1-2BR Cabin', 'Group 1', 'Kyle']",119.66,170.94392399999998
90.0,139.63,6007.64,-3.56,2025-04-24,280.95,120.95,1-4BR Cabins / House,,373559,11,2026-09-06T16:18:57,1,1,188.2,2025-03-21,-0.56,165.0,208.3,-13.38,hostaway,-37.59,2,1-2 Bedroom Cabins,274.3,91.4,"Cameron Penn 1750 (SCounty) -- Nature's Nest | MTN View, Hot Tub & Arcade Games!",45.41,,3749.4,-16.13,45.97,True,129.152715,-83.4978355,170.0,74.19,58.06,Sevierville,4328.62,10.68,42.0,35.7770373,-2.37,"['1-2BR Cabin', 'Group 2', 'HA1', 'NotKnox', 'Safely', 'SCounty', 'Summer', 'TendwellCleaning', 'BlessedCleaningTyler', '3-4BR']",127.86,124.55963
90.0,75.03,5144.97,-3.18,2025-05-22,307.32,31.3,1-4BR Cabins / House,,374404,6,2026-09-02T15:37:10,1,1,232.59,2025-03-25,-1.93,150.0,161.7,-58.28,hostaway,-81.14,2,1-2 Bedroom Cabins,310.28,93.7,"Dustin Francis 3213 (SCounty) -- Smoky Ridge Hideaway: Views, Hot Tub, Game Room!",45.11,,970.2,-12.91,47.04,True,144.563328,-83.6182988,161.0,32.26,19.35,Sevierville,2325.87,-30.48,40.0,35.7617645,0.96,"['1-2BR Cabin', 'Group 2', 'HA1', 'Lily', 'NORMAL', 'NotKnox', 'Safely', 'SCounty', 'BlessedCleaningTyler', '3-4BR']",42.9,139.967308
90.0,85.92,4872.07,2.85,2025-05-23,325.23,94.26,1-4BR Cabins / House,,374406,17,2026-09-04T20:47:43,1,1,190.25,2025-03-25,-2.25,140.0,171.89,9.71,hostaway,-40.02,3,3-4 Bedrooms,352.26,90.35,"Elizabeth Garcia 309 (GAT) -- Smoky Mountain Gem | MTN View, Hot Tub, Grill!",42.38,,2922.11,9.68,44.63,True,145.15014900000003,-83.4650012,150.0,45.16,54.84,Gatlinburg,2663.47,-9.65,61.0,35.7375929,8.31,"['GAT', 'Group 3', 'HA1', 'Junior', 'Lily', 'NotKnox', 'Safely', 'BlessedCleaningTyler', '3-4BR', 'SCounty', '1-2BR Cabin']",129.4,149.287788
100.0,113.52,5858.45,-1.94,2025-05-16,337.5,123.4,1-4BR Cabins / House,,378580,15,2026-08-31T12:51:08,1,1,219.95,2025-04-04,-2.54,175.0,197.43,8.7,hostaway,-49.45,3,3-4 Bedrooms,349.01,96.87,"Melissa Allen 3666 (SCounty) -- Smokies Cabin Life: View, Hot Tub, Grill, Game Room",46.55,,2961.5,-3.22,49.09,True,165.67875,-83.6167359,175.0,51.61,48.39,Sevierville,3519.16,-10.24,45.0,35.7285654,3.41,"['Group 2', 'HA1', 'Lily', 'NORMAL', 'NotKnox', 'Pet', 'Safely', 'SCounty', 'TendwellCleaning', 'FleurishAlicia', 'HA3', '1-2BR Cabin', '3-4BR']",134.26,162.464155
105.0,191.43,7410.83,0.03,2025-05-23,407.96,213.9,1-4BR Cabins / House,,382134,17,2026-09-05T19:21:35,1,1,346.96,2025-04-28,-2.72,280.0,349.0,11.74,hostaway,-10.52,4,3-4 Bedrooms,435.29,96.61,Michelle and Roncie Fernandes 1144 (GAT) -- Bearly Dreaming Elite Location Hot Tub & Game Room,40.82,,6630.94,9.68,43.54,True,177.62578399999998,-83.4656481,266.0,51.61,61.29,Gatlinburg,5551.36,0.59,61.0,35.7429641,6.7,"['GAT', 'Group 1', 'HA1', 'Key', 'Lily', 'NotKnox', 'Safely', 'BlessedCleaningTyler', '3-4BR', 'SCounty', '1-2BR Cabin', 'Group 2', 'Kyle']",150.15,177.68537800000001
85.0,83.36,4116.03,-0.57,2025-05-22,301.82,121.45,1-4BR Cabins / House,,384346,6,2026-08-25T15:41:45,1,1,184.57,2025-04-23,1.22,130.0,170.03,45.69,hostaway,-17.38,2,1-2 Bedroom Cabins,292.46,96.81,"Digant Patel 1554 (SCounty) -- Mountain Mischief: Hot Tub, Games & Cozy Fireplace",47.87,,3400.62,19.36,46.65,True,140.79903,-83.5057527,129.0,45.16,64.52,Sevierville,2584.03,-7.88,72.0,35.8087214,-3.1,"['1-2BR Cabin', 'Group 2', 'HA1', 'Katie', 'NORMAL', 'NotKnox', 'Safely', 'SCounty', 'TendwellCleaning', 'BlessedCleaningTyler', '3-4BR', 'Kyle']",149.22,140.000602
110.0,196.41,6994.55,-6.55,2025-08-02,413.26,234.7,1-4BR Cabins / House,,385795,8,2026-09-02T23:07:38,1,1,294.62,2025-05-01,-1.93,240.0,330.72,19.49,hostaway,4.02,3,3-4 Bedrooms,402.97,105.81,"Jill Bishop 2719 (SCounty) -- Sawmill Lodge: Hot Tub, Theater, Putt Putt & Views",44.44,,7275.74,12.91,46.37,True,191.62866199999996,-83.6672971,234.0,58.06,70.97,Sevierville,5303.1,12.25,98.0,35.7782617,-2.49,"['Group 2', 'HA1', 'Lily', 'NORMAL', 'NotKnox', 'Safely', 'SCounty', 'TendwellCleaning', 'BlessedCleaningTyler', '3-4BR', '1-2BR Cabin', 'scounty']",159.7,179.079868
105.0,90.96,3008.8,-6.12,2025-08-27,436.42,71.27,1-4BR Cabins / House,,385800,0,2026-08-30T19:25:20,1,1,257.73,2025-05-01,-2.79,280.0,441.86,-21.65,hostaway,-26.57,4,3-4 Bedrooms,438.49,103.71,"Lowell Weiss 229 (GAT) -- The Smoky Bear: View, Hot Tub, Pool & MORE!",39.75,,2209.3,-3.22,42.54,True,185.65306800000002,-83.3444933,299.0,19.35,16.13,Gatlinburg,1546.4,71.44,152.0,35.7661701,0.47,"['3-4BR', 'Group 2', 'HA1', 'Lily', 'NotKnox', 'Safely', 'TendwellCleaning', 'BlessedCleaningTyler', 'GAT', 'HA4', 'NORMAL', 'SCounty', '1-2BR Cabin']",40.58,174.299775
85.0,25.5,962.99,9.75,2025-05-23,235.01,0.0,1-4BR Cabins / House,,385831,0,2026-07-22T17:36:11,1,1,131.77,2025-05-02,0.35,110.0,0.0,-100.0,hostaway,-100.0,3,3-4 Bedrooms,255.46,82.75,Dan and Melissa Hanlon Combo 1&2 (SCity) -- Cedar's Peak - Downtown 2 Condos,36.51,,0.0,-19.35,36.16,True,84.979616,-83.5646653,108.0,19.35,0.0,Sevierville,790.62,-100.0,0.0,35.8654746,8.7,"['FleurishAlicia', 'Group 2', 'HA1', 'NotKnox', 'Safely', 'SCity', 'BlessedCleaningTyler', '1-2BR Cabin', '3-4BR', 'HA2', 'Lily', 'SCounty']",0.0,93.26844600000001
75.0,0.0,4581.9,-0.79,2025-06-06,264.34,97.55,1-4BR Cabins / House,,386891,18,2026-09-03T21:12:01,1,1,0.0,2025-05-01,-0.51,130.0,168.0,,hostaway,-34.0,1,1-2 Bedroom Cabins,265.53,95.63,"Jordan Sims 1467 (SCounty) -- Smoky Mountain Dove | Hot Tub, Firepit, Fireplace",40.82,,3024.0,58.06,41.33,True,109.25172199999999,-83.4297821,132.0,0.0,58.06,Sevierville,0.0,,44.0,35.84112,0.45,"['1-2BR Cabin', 'Group 2', 'HA1', 'Lily', 'NotKnox', 'Safely', 'SCounty', 'BlessedCleaningTyler', '3-4BR']",142.23,108.38934599999999
90.0,136.9,6689.8,5.83,2025-06-28,282.43,160.69,1-4BR Cabins / House,,386914,22,2026-09-02T19:10:38,1,1,265.24,2025-06-25,2.22,170.0,199.26,17.38,hostaway,-25.54,2,1-2 Bedroom Cabins,285.35,95.38,"Tara Rao 116 (BC) -- The Little Timber: Cozy, Hot Tub & Fireplace!",49.03,,4981.45,29.04,46.81,True,132.20548300000002,-83.681121,160.0,51.61,80.65,Townsend,4243.8,-24.88,58.0,35.695274,1.03,"['1-2BR Cabin', 'BC', 'Group 2', 'HA1', 'Lily', 'MaidTooPerfection', 'NORMAL', 'NotKnox', 'Safely', 'SCounty', '3-4BR', 'Summer', 'TendwellCleaning', 'MaidTooPerfectionJessica']",164.49,139.907105
98.0,90.35,5390.63,-5.13,2025-05-22,314.22,133.22,1-4BR Cabins / House,,387284,18,2026-09-04T21:55:17,1,1,280.07,2025-05-07,-2.3,180.0,196.66,47.45,hostaway,-23.39,3,3-4 Bedrooms,314.22,95.27,Ruth Heath 458 (PF) -- Cloudspire Chalet: Arcade Games & Outdoor Lounge!,42.52,,4129.9,35.48,44.82,True,140.833404,-83.5298302,167.0,32.26,67.74,Pigeon Forge,2800.7,-29.78,59.0,35.7767062,0.0,"['3-4BR', 'Group 2', 'HA1', 'Lily', 'NORMAL', 'Pet', 'PF', 'Safely', 'TendwellCleaning', 'BlessedCleaningTyler', 'SCounty', '1-2BR Cabin', 'NotKnox']",159.31,133.60634400000004
95.0,12.23,4544.35,1.2,2025-07-03,287.58,61.49,1-4BR Cabins / House,,393898,8,2026-09-03T21:55:13,1,1,189.5,2025-06-12,0.11,180.0,211.8,402.78,hostaway,-58.05,3,3-4 Bedrooms,290.18,87.48,"Mark Urban 2123 (SCounty) -- Smoky Summit: Hot Tub, Games, Views, + Pets 50lbs>",37.51,,1906.21,22.58,37.4,True,107.55491999999998,-83.4736032,171.0,6.45,29.03,Sevierville,379.0,11.77,46.0,35.8917002,0.9,"['Group 2', 'HA1', 'NotKnox', 'Pet', 'Safely', 'SCounty', 'Summer', 'TendwellCleaning', '3-4BR', '1-2BR Cabin']",77.39,108.846518
100.0,72.19,6105.68,16.27,2025-05-24,356.48,117.23,1-4BR Cabins / House,,393926,16,2026-09-01T02:51:15,1,1,248.64,2025-05-30,7.7,180.0,227.14,62.39,hostaway,-40.48,3,3-4 Bedrooms,342.32,88.49,"Andrew Crawford 1024 (SCity) -- Unbeatable Cabin-PetsAllowed,Hot Tub,Firepit,Games",44.23,,3634.2,22.58,36.53,True,130.22214400000001,-83.5716253,185.0,29.03,51.61,Sevierville,2237.78,-8.65,47.5,35.8924024,-3.97,"['ElainyCleaner', 'Group 2', 'HA1', 'Lily', 'NotKnox', 'Pet', 'Safely', 'SCity', '3-4BR', '1-2BR Cabin', 'SCounty']",116.69,151.40813599999998
105.0,78.58,5608.51,-6.32,2025-05-08,573.08,155.2,1-4BR Cabins / House,,398775,4,2026-09-05T17:15:21,1,1,348.0,2025-06-06,-3.17,230.0,320.75,97.51,hostaway,-14.21,4,3-4 Bedrooms,573.4,108.57,Rachel Ewe 816 (GAT) -- Chalet Vista | Pool  Hot Tub  Game Room  Views,46.58,,4811.32,25.81,49.75,True,285.10730000000007,-83.5341695,233.0,22.58,48.39,Gatlinburg,2436.0,-7.83,68.5,35.7255291,0.06,"['GAT', 'Group 1', 'HA6', 'Key', 'Lily', 'NotKnox', 'Safely', 'SS', 'TendwellCleaning', '3-4BR', 'SCounty', '1-2BR Cabin']",103.89,267.08972
100.0,36.91,5711.66,-8.17,2025-09-23,467.62,127.79,1-4BR Cabins / House,,409413,0,2026-09-05T21:02:07,1,1,319.87,2025-07-03,-3.84,240.0,360.13,246.22,hostaway,-30.64,3,3-4 Bedrooms,463.02,106.15,Ramesh Kumar 772 (GAT) -- Bearfoot Ridge: Hot Tub | Game Room | MTN Views!,49.06,,3961.4,25.8,52.9,True,247.37097999999997,-83.5253334,237.0,9.68,35.48,Gatlinburg,959.6,12.59,99.0,35.7217578,-0.98,"['3-4BR', 'GAT', 'Group 2', 'HA1', 'Katie', 'NotKnox', 'Safely', 'Summer', 'SCounty', '1-2BR Cabin', 'TendwellCleaning']",72.32,227.157612
85.0,0.0,3893.81,-3.91,2025-08-08,295.44,45.77,1-4BR Cabins / House,,415225,8,2026-09-03T12:36:01,1,1,0.0,2025-07-21,-1.95,125.0,177.36,,hostaway,-63.56,3,3-4 Bedrooms,298.77,91.29,"Jeanine Patterson 1161 (GAT) -- Smoky Hearth Retreat: Pool, Hot Tub, Games & MORE!",37.21,,1418.85,25.81,39.16,True,115.69430399999999,-83.552372,134.0,0.0,25.81,Gatlinburg,0.0,,68.5,35.7080608,1.13,"['GAT', 'Group 2', 'HA1', 'Lily', 'NORMAL', 'NotKnox', 'Safely', 'TendwellCleaning', '3-4BR', 'SCounty', '1-2BR Cabin']",69.36,111.172317
100.0,21.35,7117.32,-5.23,2025-08-29,253.48,165.35,1-4BR Cabins / House,,418398,9,2026-08-24T16:55:17,1,1,220.67,2025-07-31,-1.68,225.0,284.78,674.47,hostaway,-27.98,1,1-2 Bedroom Cabins,248.87,90.81,Robin Lall 3931 (SCounty) -- HoneyscapeTreehouse:HotTub+IntimateGetaway,46.7,,5125.95,48.38,48.38,True,122.633624,-83.4783731,215.0,9.68,58.06,Sevierville,662.0,29.05,100.0,35.7685145,-1.82,"['1-2BR Cabin', 'Group 2', 'HA1', 'NotKnox', 'Safely', 'SCounty', 'Summer', '3-4BR', 'TendwellCleaning']",124.33,116.22229000000002
105.0,51.72,4422.9,-5.98,2025-08-29,411.48,202.66,1-4BR Cabins / House,,422503,6,2026-08-26T17:09:13,1,1,499.97,2025-08-11,-4.74,210.0,330.65,291.84,hostaway,42.04,4,3-4 Bedrooms,431.82,95.03,"Karen Wanamarta 3736 (SCounty) -- Dolly's Darling Cabin | Views, Hot Tub, Game Area!",40.8,,6282.4,51.61,45.54,True,187.38799200000003,-83.4541221,210.0,9.68,61.29,Sevierville,1499.9,-33.87,89.5,35.7992002,4.94,"['Group 2', 'HA1', 'Katie', 'NORMAL', 'NotKnox', 'Safely', 'SCounty', 'TendwellCleaning', '3-4BR', 'Lily', '1-2BR Cabin']",150.22,176.18255999999997
100.0,0.0,4833.85,-5.19,2025-09-11,322.32,109.21,1-4BR Cabins / House,,422587,9,2026-09-03T15:24:35,1,1,0.0,2025-08-12,-1.11,200.0,211.6,,hostaway,-29.96,3,3-4 Bedrooms,313.18,94.39,"Jerry Pegram 2137 (SCounty) -- Secluded Cabin: Hot Tub, Fireplace, GameRoom, Pet Friendly",44.79,,3385.56,51.61,45.9,True,147.94487999999998,-83.4785741,215.0,0.0,51.61,Sevierville,0.0,,46.0,35.7562879,-2.84,"['Group 2', 'HA1', 'NotKnox', 'Safely', 'SCounty', 'TendwellCleaning', 'Summer', '3-4BR', '1-2BR Cabin', 'BlessedCleaningTyler']",115.23,140.273322
90.0,45.21,3555.13,-11.89,2025-10-08,313.53,93.14,1-4BR Cabins / House,,423924,10,2026-08-13T09:45:54,1,1,175.2,2025-08-15,-2.81,135.0,180.47,106.02,hostaway,-18.78,2,1-2 Bedroom Cabins,293.65,96.69,"Patty Cloninger 2208 (SCounty) -- Peaceful Retreat: Hot Tub, Grill, Fireplace & MORE",44.63,,2887.46,25.8,47.44,True,148.738632,-83.4408225,129.0,25.81,51.61,Sevierville,1401.6,3.01,66.0,35.7748467,-6.34,"['1-2BR Cabin', 'Group 2', 'HA1', 'Lily', 'NotKnox', 'Safely', 'SCounty', 'TendwellCleaning', 'NORMAL', '3-4BR']",115.64,131.055995
90.0,0.0,0.0,-0.76,2025-11-27,300.38,119.47,1-4BR Cabins / House,,432526,15,2026-08-21T14:34:08,1,1,0.0,2025-09-12,0.7,155.0,205.76,,hostaway,,2,1-2 Bedroom Cabins,293.57,89.42,"Daniel Shepherd 1931 (SCounty) -- Smokies Mountain Charm: Views, Hot Tub, Game Room!",46.09,,3703.66,58.06,45.39,True,136.342482,-83.5200466,158.0,0.0,58.06,Sevierville,0.0,,70.0,35.79202,-2.27,"['1-2BR Cabin', 'Group 1', 'HA1', 'Safely', 'Summer', 'TendwellCleaning', 'SCounty', 'NotKnox', 'PF']",125.97,135.30641300000002
90.0,0.0,3901.41,-5.58,2025-10-02,322.52,199.19,1-4BR Cabins / House,,432546,9,2026-08-31T18:34:06,1,1,0.0,2025-09-12,-0.36,180.0,220.53,,hostaway,58.27,2,1-2 Bedroom Condos,306.85,97.26,Simon Shanco 1626 (GAT) -- Smoky Whispers: Hot Tub+PoolTable+Grill+PETS!,46.9,,6174.85,90.32,47.26,True,152.42295199999998,-83.4601126,180.0,0.0,90.32,Gatlinburg,0.0,,85.0,35.7499754,-4.86,"['1-2BR Condo', 'GAT', 'Group 2', 'HA1', 'NotKnox', 'Regina', 'Safely', 'SCounty', 'TendwellCleaning']",192.58,143.91265
105.0,0.0,0.0,-3.95,,315.35,0.0,1-4BR Cabins / House,,432565,0,,1,1,0.0,2025-09-12,-2.82,200.0,0.0,0.0,hostaway,0.0,2,1-2 Bedroom Cabins,322.2,92.63,David Artuso 69 -- Smokies Ridge Cabin,44.25,,0.0,0.0,47.07,True,148.435245,-83.6173635,200.0,0.0,0.0,Sevier County,0.0,0.0,0.0,35.7594798,2.17,"['1-2BR Cabin', 'Blocked Calendar', 'HA1', 'Safely', 'Summer', 'SCounty', 'NotKnox']",0.0,142.5735
90.0,0.0,457.6,-1.7,2025-10-24,290.86,16.25,1-4BR Cabins / House,,434009,2,2026-08-28T08:50:47,1,1,0.0,2025-09-17,-1.07,135.0,227.56,,hostaway,-0.54,3,3-4 Bedrooms,294.76,88.06,"Bobby Nicely 1132 (SCounty) -- Fireside Lodge: Lake View, HotTub, Comm Pool+Games",34.6,,455.11,6.45,35.67,True,103.74976200000002,-83.4615444,135.0,0.0,6.45,Sevierville,0.0,,45.0,35.9182308,1.34,"['Group 2', 'HA1', 'Lily', 'NotKnox', 'Safely', 'SCounty', 'TendwellCleaning', '3-4BR', 'NORMAL', '1-2BR Cabin']",20.64,101.98696
95.0,0.0,0.0,-7.03,2025-11-07,384.51,245.74,1-4BR Cabins / House,,434010,4,2026-08-23T01:38:55,1,1,0.0,2025-09-17,-4.92,260.0,346.27,,hostaway,,3,3-4 Bedrooms,397.11,95.87,"Mohan Thorat 2424 (SCounty) -- The Real McCoy | Epic Views, Hot Tub, Arcade!",44.4,,7617.97,70.97,49.32,True,189.64033199999997,-83.6080475,241.0,0.0,70.97,Sevierville,0.0,,141.5,35.7496938,3.28,"['Group 2', 'HA1', 'Katie', 'NORMAL', 'NotKnox', 'Safely', 'SCounty', 'TendwellCleaning', 'SCity']",159.84,176.31684
80.0,0.0,1824.6,7.52,2025-10-07,256.98,90.96,1-4BR Cabins / House,,436020,18,2026-08-30T18:10:50,1,1,0.0,2025-09-24,0.38,120.0,156.66,,hostaway,54.55,2,1-2 Bedroom Cabins,273.99,91.25,"Rick Norris 1712 (SCounty) -- Warm Modern Lodge: Hot Tub, Fireplace & Pacman!",45.3,,2819.85,58.06,44.92,True,115.435416,-83.637899,121.0,0.0,58.06,Sevierville,0.0,,56.5,35.8053511,6.62,"['1-2BR Cabin', 'Group 2', 'HA1', 'NotKnox', 'Regina', 'Safely', 'SCounty']",128.17,124.11747
90.0,0.0,383.2,-6.21,2025-10-24,390.49,35.58,1-4BR Cabins / House,,436992,0,2026-09-04T13:27:04,1,1,0.0,2025-09-29,-2.68,120.0,275.75,,hostaway,187.84,3,3-4 Bedrooms,389.41,93.92,"Juan Nunez 3272 (SCounty) -- Rustic RidgeView: Hot Tub, Grill, Foosball & More!",42.37,,1103.0,12.9,45.05,True,175.915745,-83.6180054,118.0,0.0,12.9,Sevierville,0.0,,121.0,35.7600477,-0.28,"['Group 1', 'HA1', 'Katie', 'NotKnox', 'Safely', 'SCounty', 'TendwellCleaning', 'Regina', '3-4BR']",30.45,164.993017
95.0,0.0,2386.4,-1.14,2025-10-08,335.5,0.0,1-4BR Cabins / House,,436996,0,2026-09-02T22:49:04,1,1,0.0,2025-09-29,-0.57,245.0,0.0,0.0,hostaway,-100.0,3,3-4 Bedrooms,335.84,90.37,"Lauren Dela Cruz 1550 (SCounty) -- Pitch Perfect: View, Hot Tub, Games, Pool & MORE",45.38,,0.0,0.0,45.95,True,154.16225,-83.5058243,244.0,0.0,0.0,Sevierville,0.0,0.0,0.0,35.8088893,0.1,"['Group 1', 'HA1', 'NotKnox', 'SCounty', 'Summer', 'Safely', '3-4BR']",0.0,152.404192
100.0,0.0,2123.37,-10.76,2025-10-09,262.76,0.0,1-4BR Cabins / House,,436999,0,2026-09-06T13:01:04,1,1,0.0,2025-09-29,-2.57,220.0,0.0,0.0,hostaway,-100.0,2,1-2 Bedroom Cabins,248.74,88.61,"Lauren Dela Cruz 526 (PF) -- Bearly Behavin | Hot Tub, Pool, Arcade Game, MORE",42.28,,0.0,0.0,44.85,True,117.84786,-83.5904132,224.0,0.0,0.0,Pigeon Forge,0.0,0.0,0.0,35.8018309,-5.34,"['1-2BR Cabin', '3-4BR', 'Group 1', 'HA1', 'PF', 'Summer', 'TendwellCleaning', 'Safely', 'SCounty', 'NotKnox']",0.0,105.16727200000001
100.0,0.0,611.2,-10.22,2025-10-23,422.11,120.11,1-4BR Cabins / House,,437003,0,2026-08-11T14:02:51,1,1,0.0,2025-09-29,-4.09,200.0,206.85,,hostaway,509.18,4,3-4 Bedrooms,417.7,97.28,"Krista Fontana 2779 (SCounty) -- Sleeps 10, HotTub, Game Room, Views, Pet Friendly",40.03,,3723.31,58.06,44.12,True,186.23493200000001,-83.4176794,171.0,0.0,58.06,Sevierville,0.0,,86.5,35.8645118,-1.04,"['Group 1', 'HA1', 'NotKnox', 'Safely', 'SCounty', 'Summer', 'TendwellCleaning', '3-4BR', 'HA3']",145.04,167.20531
95.0,0.0,0.0,12.42,2025-11-26,198.3,0.0,1-4BR Cabins / House,,444432,0,2026-09-03T20:14:05,1,1,0.0,2025-10-20,-0.18,145.0,0.0,0.0,hostaway,0.0,3,3-4 Bedrooms,224.98,89.45,"Laurie Keenan 3428 (JC) -- Whiskey Cove: Lakefront, 2 Fireplaces, 2 FirePits",19.54,,0.0,0.0,19.72,True,39.10476,-83.2637655,133.0,0.0,0.0,3428 White Pine,0.0,0.0,0.0,36.0492404,13.45,"['3-4BR', 'Group 2', 'HA1', 'JC', 'NotKnox', 'Regina', 'TendwellCleaning', 'NORMAL', 'Safely']",0.0,43.961092
100.0,0.0,0.0,-2.58,2026-02-13,309.53,64.9,1-4BR Cabins / House,,447892,0,2026-09-01T14:02:08,1,1,0.0,2025-10-29,-0.39,165.0,167.67,,hostaway,,3,3-4 Bedrooms,304.44,90.35,"Patrick Hurd 1825 (SCounty) -- Sunshine Cottage: Hot Tub, Game Room, Grill, MORE!",40.46,,2012.01,38.71,40.85,True,126.443005,-83.5262393,165.0,0.0,38.71,Sevierville,0.0,,292.5,35.8217766,-1.64,"['3-4BR', 'Group 2', 'HA1', 'Katie', 'Pet', 'SCounty', 'TendwellCleaning']",95.67,123.17642400000001
90.0,0.0,0.0,1.32,2025-12-24,281.07,62.81,1-4BR Cabins / House,,449759,0,2026-08-14T14:32:03,1,1,0.0,2025-11-06,0.44,160.0,177.02,,hostaway,,3,3-4 Bedrooms,281.39,88.32,"Laurie Keenan Combo 2587/2589 (SCounty) -- Whiskey Duo: 2 Cabins SidebySide, HotTubs, Firepit",36.91,,1947.26,35.48,36.47,True,102.506229,-83.4824517,141.0,0.0,35.48,Sevierville,0.0,,88.0,35.9258294,0.11,"['3-4BR', 'Group 2', 'HA1', 'NotKnox', 'Regina', 'Safely', 'SCounty', 'TendwellCleaning']",96.13,103.86104899999998
95.0,0.0,0.0,1.38,2025-12-12,366.54,94.96,1-4BR Cabins / House,,453233,8,2026-08-12T00:13:24,1,1,0.0,2025-11-14,-0.11,150.0,229.49,,hostaway,,3,3-4 Bedrooms,372.49,93.4,"Sarah Pearce 2622 (SCounty) -- High Cotton | Epic Views, Hot Tub, & Pool Table!",46.31,,2753.9,38.71,46.42,True,170.14786800000002,-83.6762372,147.0,0.0,38.71,Sevierville,0.0,,112.0,35.7253396,1.62,"['Group 2', 'HA1', 'Katie', 'NORMAL', 'NotKnox', 'BlessedCleaningTyler']",89.35,172.500119
80.0,0.0,0.0,-4.16,2026-01-17,272.19,40.93,1-4BR Cabins / House,,454793,10,2026-09-05T22:07:13,1,1,0.0,2025-11-20,-1.98,130.0,126.87,,hostaway,,2,1-2 Bedroom Cabins,271.59,94.21,Siobhan Belgiovene 1820 (SCounty) -- Little Woods Cabin | Family-Friendly w/ Games!,48.15,,1268.7,32.26,50.13,True,136.448847,-83.4793228,113.0,0.0,32.26,Sevierville,0.0,,33.5,35.7545226,-0.22,"['1-2BR Cabin', 'Group 3', 'HA4', 'Junior', 'Lily', 'NotKnox', 'SCounty', 'TendwellCleaning', 'HA1']",67.0,130.77058499999998
75.0,0.0,0.0,0.7,2026-05-23,232.18,28.89,1-4BR Cabins / House,,458087,7,2026-08-25T22:10:22,1,1,0.0,2026-01-19,-1.39,110.0,127.93,,hostaway,,2,1-2 Bedroom Condos,243.07,84.18,Eric Fleming 1260-6203 (GAT) -- Ski View LookOut: EPIC VIEWS! Community Amenities!,35.08,,895.5,22.58,36.47,True,84.67604600000001,-83.5596246,115.0,0.0,22.58,Gatlinburg,0.0,,39.0,35.7079418,4.69,"['1-2BR Condo', 'GAT', 'Group 2', 'HA1', 'Lily', 'NotKnox', 'TendwellCleaning']",64.37,85.268956
100.0,0.0,0.0,14.36,2025-12-30,359.13,87.29,1-4BR Cabins / House,,461618,10,2026-09-05T15:03:51,1,1,0.0,2025-12-04,3.95,160.0,225.49,,hostaway,,4,3-4 Bedrooms,377.52,110.25,"Jeff Albaum 215 (BC) -- The WoodView Hideaway | Hot Tub, Game Room & MORE!",48.87,,2705.93,38.71,44.92,True,161.32119600000001,-83.8131373,136.0,0.0,38.71,Townsend,0.0,,49.5,35.6651154,5.12,"['3-4BR', 'BC', 'Group 2', 'HA4', 'NotKnox']",79.21,184.494024
110.0,0.0,0.0,-8.0,2026-01-08,327.34,141.09,1-4BR Cabins / House,,465438,15,2026-09-05T14:05:57,1,1,0.0,2025-12-15,-3.02,280.0,253.97,,hostaway,,3,3-4 Bedrooms,323.23,90.87,"Annie Wang 904 (SCounty) -- Peak View Retreat | Spacious, Hot Tub, Game Room!",41.18,,3809.49,48.39,44.2,True,144.68428,-83.4011362,273.0,0.0,48.39,Sevierville,0.0,,46.0,35.8568769,-1.26,"['3-4BR', 'Group 2', 'HA4', 'Lily', 'NotKnox', 'Safely', 'SCounty', 'TendwellCleaning']",134.92,133.106114
85.0,0.0,0.0,0.33,2026-02-07,230.87,90.8,1-4BR Cabins / House,,465445,13,2026-09-06T15:59:14,1,1,0.0,2025-12-15,-1.11,200.0,195.58,,hostaway,,2,1-2 Bedroom Cabins,237.86,89.85,"Jake Cowley 745 (PF) -- Whisperwood Lodge | Hot Tub, Arcade, 2 Fireplace!",41.36,,2542.5,41.94,42.47,True,98.050489,-83.5385982,161.0,0.0,41.94,Pigeon Forge,0.0,,51.0,35.7888317,3.03,"['1-2BR Cabin', 'Group 2', 'HA4', 'Lily', 'NotKnox', 'PF', 'Safely', 'TendwellCleaning']",112.26,98.37889600000001
105.0,0.0,0.0,4.15,2026-02-13,433.62,152.14,1-4BR Cabins / House,,466115,4,2026-08-30T13:38:28,1,1,0.0,2025-12-15,-0.91,210.0,336.88,,hostaway,,4,1-2 Bedroom Cabins,460.51,94.74,"Duane Reeder 136 (BC) -- Above the Clouds | Views, Hot Tub, Grill, Games!",46.24,,4716.35,45.16,47.15,True,204.45183,-83.6819857,210.0,0.0,45.16,Townsend,0.0,,84.0,35.6967157,6.2,"['3-4BR', 'BC', 'BCounty', 'Group 2', 'HA4', 'Katie', 'NotKnox', 'TendwellCleaning']",97.66,212.93982400000002
95.0,0.0,0.0,-1.88,2026-02-13,267.8,117.62,1-4BR Cabins / House,,473513,19,2026-09-03T02:17:48,1,1,0.0,2026-01-07,-0.35,150.0,191.9,,hostaway,,2,1-2 Bedroom Cabins,264.77,91.25,"Sharon Holderman 1523 (SCounty) -- Eagle's Sky View | Peaceful, Cozy with Hot Tub!",46.01,,3646.07,61.29,46.36,True,124.15208000000001,-83.4926179,150.0,0.0,61.29,Sevierville,0.0,,59.5,35.7549116,-1.13,"['1-2BR Cabin', 'Group 2', 'HA4', 'NotKnox', 'TendwellCleaning']",133.21,121.82067699999998
90.0,0.0,0.0,-1.09,2026-02-11,303.32,52.88,1-4BR Cabins / House,,473977,9,2026-09-05T12:50:01,1,1,0.0,2026-01-08,0.31,140.0,182.15,,hostaway,,2,1-2 Bedroom Cabins,297.93,92.49,"Derek Trainer 1687 (GAT) -- Locklyn's Loft | Views, Hot Tub, Game Room & MORE!",44.89,,1639.33,29.03,44.58,True,135.220056,-83.5431407,150.0,0.0,29.03,Gatlinburg,0.0,,46.0,35.7034317,-1.78,"['1-2BR Cabin', 'GAT', 'Group 2', 'HA4', 'NotKnox', 'Regina', 'TendwellCleaning', 'Lily']",64.67,133.740777
95.0,0.0,0.0,6.41,2026-02-13,358.4,135.62,1-4BR Cabins / House,,475435,3,2026-08-21T17:12:03,1,1,0.0,2026-01-12,0.18,170.0,300.31,,hostaway,,3,3-4 Bedrooms,379.94,92.72,"Jason Barton 750 (GAT) -- Bear Point - The Meeting Place w/ Hot Tub, Games!",48.49,,4204.32,45.16,48.31,True,173.14304,-83.4886286,177.0,0.0,45.16,Gatlinburg,0.0,,102.0,35.7213727,6.01,"['GAT', 'Group 2', 'HA1', 'Katie', 'NotKnox', 'TendwellCleaning']",93.13,184.232906
110.0,0.0,0.0,-0.14,2026-03-06,303.2,42.16,1-4BR Cabins / House,,478090,5,2026-08-14T11:32:12,1,1,0.0,2026-01-20,-1.44,200.0,261.4,,hostaway,,3,3-4 Bedrooms,313.79,85.43,"Laura Earl 1117 (SCounty) -- Perfect Cabin in Paradise: Hot Tub, Pool, Games!",39.61,,1306.98,16.13,41.05,True,124.46359999999999,-83.6117489,210.0,0.0,16.13,Sevierville,0.0,,48.0,35.8497313,3.49,"['3-4BR', 'Group 1', 'HA1', 'NotKnox', 'SCounty', 'Summer', 'TendwellCleaning']",40.72,124.292219
100.0,0.0,0.0,-9.15,2026-03-14,324.88,133.64,1-4BR Cabins / House,,484286,0,2026-08-21T02:15:49,1,1,0.0,2026-02-06,-4.82,190.0,243.7,,hostaway,,3,3-4 Bedrooms,329.49,92.0,"Su-Tang Lo 4005 (SCounty) -- Dolly's Outdoor Oasis - Hot Tub, Sauna & More!",41.42,,4142.89,54.84,46.24,True,150.224512,-83.4495469,180.0,0.0,54.84,Sevierville,0.0,,79.0,35.7984523,1.42,"['Group 2', 'HA1', 'Katie', 'NotKnox', 'SCounty', 'TendwellCleaning']",132.4,136.474758
100.0,0.0,0.0,4.6,2026-03-16,343.03,114.41,1-4BR Cabins / House,,484372,0,2026-08-03T23:57:15,1,1,0.0,2026-02-06,0.57,230.0,272.83,,hostaway,,3,3-4 Bedrooms,354.6,95.73,"Rebecca Eisenback 1152 (BC) -- Mountain Top Getaway: Hot Tub, Grill, Games & Pool",48.4,,3546.81,41.94,47.83,True,164.071249,-83.6827621,224.0,0.0,41.94,Townsend,0.0,,94.0,35.6978959,3.37,"['3-4BR', 'BC', 'Group 2', 'HA1', 'NotKnox', 'Summer', 'TendwellCleaning']",86.65,171.6264
100.0,0.0,0.0,-10.7,2026-03-12,312.97,111.73,1-4BR Cabins / House,,485560,15,2026-08-24T22:58:41,1,1,0.0,2026-02-09,-4.76,180.0,230.9,,hostaway,,3,3-4 Bedrooms,309.47,93.08,"Katie Smith 2880 (SCounty) -- Mountain Majesty: Views, Hot Tub, Games, Theater!",44.37,,3463.53,48.39,49.13,True,153.76216100000002,-83.6088597,182.0,0.0,48.39,Sevierville,0.0,,61.0,35.8002745,-1.12,"['Group 2', 'HA1', 'Lily', 'NORMAL', 'NotKnox', 'SCounty', 'TendwellCleaning']",109.06,137.311839
100.0,0.0,0.0,-2.54,2026-03-13,305.04,28.91,1-4BR Cabins / House,,485771,0,2026-09-03T22:29:54,1,1,0.0,2026-02-10,-1.85,200.0,298.74,,hostaway,,3,3-4 Bedrooms,313.73,87.79,"Richard Nevels 3286 (JC) -- Hill Top Retreat - Lake, Sauna, Hot Tub, Mtn View!",33.49,,896.21,9.68,35.34,True,107.80113600000003,-83.3733488,219.0,0.0,9.68,Dandridge,0.0,,0.0,35.9329066,2.85,"['3-4BR', 'EliteCabinCare', 'Group 2', 'HA1', 'JC', 'NotKnox', 'Summer']",28.9,105.06817700000002
90.0,0.0,0.0,0.58,2026-02-14,323.7,69.18,1-4BR Cabins / House,,485969,6,2026-09-06T01:15:02,1,1,0.0,2026-02-10,0.21,195.0,214.46,,hostaway,,2,1-2 Bedroom Cabins,324.1,92.99,"Nathan Frame 4530 (SCounty) -- Perfect Smokies Escape - Park View, Hot Tub & More",46.36,,2144.55,32.26,46.15,True,149.38755,-83.6767847,195.0,0.0,32.26,Sevierville,0.0,,50.5,35.7374703,0.12,"['1-2BR Cabin', 'Group 3', 'HA1', 'Katie', 'NotKnox', 'Pet', 'SCity', 'TendwellCleaning']",69.59,150.25276000000002
110.0,0.0,0.0,-1.63,2026-03-11,392.94,180.12,1-4BR Cabins / House,,491160,2,2026-08-29T21:05:00,1,1,0.0,2026-02-24,-1.53,240.0,332.52,,hostaway,,4,3-4 Bedrooms,400.08,93.67,"Travis Anders 1437 (SCounty) -- Smokies Twin Rock-Views, Game Room, Hot Tub& More!",43.6,,4322.76,41.94,45.13,True,177.333822,-83.52268,237.0,0.0,41.94,Sevierville,0.0,,94.5,35.8101013,1.82,"['3-4BR', 'Group 2', 'HA1', 'Lily', 'NotKnox', 'SCounty', 'TendwellCleaning']",124.24,174.43488000000002
88.0,0.0,0.0,-4.16,2026-05-17,288.41,137.57,1-4BR Cabins / House,,491167,23,2026-09-04T14:13:47,1,1,0.0,2026-05-14,-0.14,160.0,185.42,,hostaway,,2,1-2 Bedroom Cabins,277.31,95.3,"Teresa Wentz 4161 (SCounty) -- Dancing Bear - Views, Hot Tub, Grill, & Games!",42.99,,4264.56,74.19,43.13,True,124.39123300000001,-83.3707542,151.0,0.0,74.19,Sevierville,0.0,,64.0,35.8031926,-3.85,"['1-2BR Cabin', 'Group 2', 'HA1', 'Katie', 'NORMAL', 'NotKnox', 'SCounty', 'TendwellCleaning']",172.58,119.21556900000002
90.0,0.0,0.0,7.07,2026-03-26,258.52,168.3,1-4BR Cabins / House,,491503,5,2026-08-24T18:48:04,1,1,0.0,2026-02-25,2.42,150.0,200.67,,hostaway,,3,3-4 Bedrooms,264.03,105.24,Cale Hanie 6617 (BC) -- Townsend Charm: River View Historic Log Cabin!,52.44,,5217.42,83.87,50.02,True,129.311704,-83.7972792,150.0,0.0,83.87,Townsend,0.0,,74.0,35.6977999,2.13,"['3-4BR', 'BC', 'Group 2', 'HA1', 'Katie', 'NotKnox', 'TendwellCleaning']",159.94,138.45733199999998
100.0,0.0,0.0,-6.76,2026-04-03,293.14,207.25,1-4BR Cabins / House,,494261,6,2026-08-25T21:38:35,1,1,0.0,2026-03-05,-2.68,285.0,430.45,,hostaway,,3,3-4 Bedrooms,290.12,86.4,"Billie Armstrong 2915 (PF) -- NEW Build - Smokies Haven w/ Hot Tub, Games, MORE",43.65,,5595.83,41.94,46.33,True,135.811762,-83.5795963,294.0,0.0,41.94,Pigeon Forge,0.0,,69.0,35.7967278,-1.03,"['Group 2', 'HA1', 'NotKnox', 'Pet', 'PF', 'TendwellCleaning']",110.31,126.63738
105.0,0.0,0.0,-5.49,2026-05-22,445.63,88.0,1-4BR Cabins / House,,494265,0,2026-09-01T11:58:15,1,1,0.0,2026-03-05,-2.2,220.0,247.99,,hostaway,,4,3-4 Bedrooms,442.56,101.25,"Thom Capps 542 (GAT) -- Memory Maker Lodge:Hot Tub, Multicade, Grill, MORE",43.27,,2727.88,35.48,45.47,True,202.627961,-83.4520462,212.0,0.0,35.48,Gatlinburg,0.0,,90.0,35.74293,-0.69,"['3-4BR', 'GAT', 'Group 2', 'HA1', 'Katie', 'NotKnox', 'TendwellCleaning']",82.0,191.49571200000003
100.0,0.0,0.0,6.87,2026-05-14,388.31,174.89,1-4BR Cabins / House,,494274,8,2026-09-02T00:09:43,1,1,0.0,2026-03-05,-2.13,200.0,271.09,,hostaway,,4,3-4 Bedrooms,437.24,90.06,"Paul Ganev 1073 (SCounty) -- Picturesque MTN Escape: Hot Tub, Pool, Game Room!",39.74,,5421.71,64.52,41.87,True,162.585397,-83.6078898,206.0,0.0,64.52,Sevierville,0.0,,69.5,35.8503084,12.6,"['3-4BR', 'Group 2', 'HA1', 'Katie', 'NotKnox', 'SCounty', 'TendwellCleaning']",162.36,173.759176
85.0,0.0,0.0,1.99,2026-04-17,232.91,58.94,1-4BR Cabins / House,,494315,3,2026-08-26T23:53:51,1,1,0.0,2026-03-05,-1.17,150.0,203.02,,hostaway,,2,1-2 Bedroom Cabins,245.23,84.32,"Thom Capps 1386-114 (GAT) -- Tranquility Skies | MTN View, Sauna, Jacuzzi, MORE",36.15,,1827.22,29.03,37.32,True,86.922012,-83.5650484,141.0,0.0,29.03,Gatlinburg,0.0,,74.0,35.7053832,5.29,"['GAT', 'Group 2', 'HA1', 'Katie', 'NotKnox', 'TendwellCleaning']",80.3,88.65064499999998
95.0,0.0,0.0,13.28,2026-04-07,364.07,123.94,1-4BR Cabins / House,,494328,17,2026-09-06T13:15:32,1,1,0.0,2026-03-05,8.27,165.0,226.0,,hostaway,,3,3-4 Bedrooms,337.15,81.39,"Hali Hoag 2140 (SCounty) -- Green Sky Lodge: Views, Hot Tub, Play Area & More!",45.32,,3842.07,54.84,37.05,True,134.88793499999997,-83.6338736,171.0,0.0,54.84,Sevierville,0.0,,57.0,35.9030299,-7.39,"['3-4BR', 'Group 2', 'HA1', 'NotKnox', 'SCounty', 'TendwellCleaning']",121.01,152.79638
90.0,0.0,0.0,-3.95,2026-05-14,311.65,89.25,1-4BR Cabins / House,,498061,15,2026-09-04T19:04:32,1,1,0.0,2026-03-17,-3.58,140.0,172.92,,hostaway,,2,1-2 Bedroom Cabins,323.06,90.33,"Amy Christopher 3303 (SCounty) -- Be Still: Hot Tub, Grill, Fireplace, Comm Pool!",45.2,,2766.78,51.61,48.78,True,152.02286999999998,-83.6558021,141.0,0.0,51.61,Sevierville,0.0,,47.0,35.745498,3.66,"['1-2BR Cabin', 'Group 2', 'HA1', 'SCounty', 'Summer', 'TendwellCleaning']",114.18,146.02312000000003
120.0,0.0,0.0,-4.81,2026-03-25,388.11,142.58,1-4BR Cabins / House,,498421,9,2026-08-17T16:56:44,1,1,0.0,2026-03-24,-4.39,350.0,285.15,,hostaway,,4,3-4 Bedrooms,408.26,91.9,"James Johnson 1250 (SCounty) -- Happy Hideaway | Hot Tub, Pool Table, Foosball & more!",41.8,,3421.83,38.71,46.19,True,179.26800899999998,-83.4877537,355.0,0.0,38.71,Sevierville,0.0,,71.0,35.7749635,5.19,"['3-4BR', 'Group 2', 'HA1', 'NotKnox', 'Regina', 'SCounty', 'BlessedCleaningTyler']",119.62,170.65268
65.0,0.0,0.0,4.29,2026-05-13,164.6,25.69,1-4BR Cabins / House,,500280,0,2026-08-20T02:03:26,1,1,0.0,2026-03-24,-1.44,80.0,132.73,,hostaway,,1,1-2 Bedroom Cabins,178.61,82.03,"Robert Miller 191 (Cocke County) -- Peaceful Cosby Retreat - Hot Tub, Grill, and More!",35.58,,796.4,19.35,37.02,True,60.934920000000005,-83.2358057,80.0,0.0,19.35,Cosby,0.0,,174.0,35.7938716,8.51,"['1-2BR Cabin', 'Cocke County', 'Group 3', 'HA2', 'NotKnox', 'TendwellCleaning']",54.38,63.549438
90.0,0.0,0.0,-3.7,2026-04-18,321.54,67.36,1-4BR Cabins / House,,502327,18,2026-09-05T14:00:18,1,1,0.0,2026-03-31,-4.05,110.0,116.02,,hostaway,,3,1-2 Bedroom Cabins,340.42,86.44,"Ricardo Robles 1254 (SCounty) -- Peaceful Nest: Hot Tub, Fireplace, Fire Pit & MORE",40.74,,2088.27,58.06,44.79,True,144.01776600000002,-83.6136809,112.0,0.0,58.06,Sevierville,0.0,,47.0,35.8405376,5.87,"['3-4BR', 'Group 2', 'HA1', 'Lily', 'NotKnox', 'SCounty', 'TendwellCleaning']",142.51,138.68710800000002
97.0,0.0,0.0,-0.96,2026-05-21,277.26,116.22,1-4BR Cabins / House,,507465,9,2026-09-05T03:54:59,1,1,0.0,2026-04-28,-2.06,200.0,180.14,,hostaway,,3,3-4 Bedrooms,290.28,84.8,Stephanie Keegan 1260-5307 (GAT) -- HighView Suites | Hot tub & Pool access!,36.07,,3602.76,64.52,38.13,True,105.719238,-83.5596246,180.0,0.0,64.52,Gatlinburg,0.0,,72.0,35.7079418,4.7,"['3-4BR', 'GAT', 'Group 2', 'HA1', 'Katie', 'NotKnox', 'TendwellCleaning']",178.87,104.70399599999999
95.0,0.0,0.0,-0.96,2026-05-22,277.26,79.53,1-4BR Cabins / House,,507467,14,2026-09-03T22:30:43,1,1,0.0,2026-04-28,-2.06,145.0,145.02,,hostaway,,3,3-4 Bedrooms,290.28,84.8,Stephanie Keegan 1260-1306 (GAT) -- Skyfield Suites | Hot tub & Pool Access,36.07,,2465.28,54.84,38.13,True,105.719238,-83.5596246,146.0,0.0,54.84,Gatlinburg,0.0,,61.0,35.7079418,4.7,"['3-4BR', 'GAT', 'Group 2', 'HA1', 'Katie', 'NotKnox', 'TendwellCleaning']",152.04,104.70399599999999
80.0,0.0,0.0,-3.47,2026-05-20,300.33,62.8,1-4BR Cabins / House,,511571,8,2026-09-05T23:28:15,1,1,0.0,2026-04-21,-3.56,130.0,195.37,,hostaway,,2,1-2 Bedroom Cabins,313.04,92.92,"David Maningding 3809 (SCounty) -- Hillside Happiness: GameRoom, Grill, Firepit, MORE",44.59,,1758.3,29.03,48.15,True,144.608895,-83.6003623,132.0,0.0,29.03,Sevierville,0.0,,60.0,35.7353271,4.23,"['1-2BR Cabin', 'Group 2', 'HA1', 'NotKnox', 'Regina', 'SCounty', 'TendwellCleaning', 'Lily']",72.08,139.58453600000004
110.0,0.0,0.0,2.49,,364.51,0.0,1-4BR Cabins / House,,511593,0,,1,1,0.0,2026-04-21,0.58,230.0,0.0,0.0,hostaway,0.0,3,3-4 Bedrooms,368.96,94.95,Billie-Shaye Harper 2610 -- Ridgewood View,46.72,,0.0,0.0,46.14,True,168.184914,-83.6729911,230.0,0.0,0.0,Sevierville,0.0,0.0,0.0,35.7252136,1.22,"['3-4BR', 'Group 2', 'HA1', 'NotKnox']",0.0,172.37811200000002
130.0,0.0,0.0,5.47,2026-10-24,496.8,83.25,1-4BR Cabins / House,,512035,8,2026-09-03T15:17:34,1,1,0.0,2026-04-23,2.54,320.0,322.6,,hostaway,,4,3-4 Bedrooms,494.86,104.69,John Kuvshinikov 2948 -- Pine Peak: Panoramic Mountain Views & Easy Access,45.68,,2580.8,25.81,43.14,True,214.31952,-83.6487545,322.0,0.0,25.81,Sevierville,0.0,,63.0,35.7872726,-0.39,"['Group 2', 'HA1']",56.5,226.052048
80.0,0.0,0.0,42.95,2026-05-22,190.31,47.08,1-4BR Cabins / House,,512526,7,2026-09-05T18:27:47,1,1,0.0,2026-04-24,4.98,135.0,162.18,,hostaway,,2,1-2 Bedroom Condos,242.62,91.26,Mike Gunter 413-207 (GAT) -- Stylish 2025 Condo | Pool | Prime Downtown Spot,46.05,,1459.6,29.03,41.07,True,78.160317,-83.5099216,145.0,0.0,29.03,Gatlinburg,0.0,,58.0,35.7091641,27.49,"['1-2BR Condo', 'GAT', 'Group 1', 'HA1', 'Key', 'TendwellCleaning']",63.04,111.72651
75.0,0.0,0.0,3.21,2026-06-09,204.19,18.36,1-4BR Cabins / House,,512532,0,2026-08-10T17:56:31,1,1,0.0,2026-04-24,-0.01,110.0,113.8,,hostaway,,1,1-2 Bedroom Cabins,210.79,83.41,"Mike Gunter 2691-8 (SCounty) -- Twilight Meadow - Hot Tub, Patio and Views!",39.62,,569.01,16.13,39.63,True,80.92049700000001,-83.4496411,110.0,0.0,16.13,Sevierville,0.0,,76.0,35.9133045,3.23,"['1-2BR Cabin', 'Group 1', 'HA1', 'NotKnox', 'SCounty', 'TendwellCleaning']",40.71,83.51499799999999
80.0,0.0,0.0,-3.83,2026-06-18,254.13,0.0,1-4BR Cabins / House,,512799,0,2026-09-01T02:57:21,1,1,0.0,2026-04-24,-0.77,115.0,0.0,0.0,hostaway,0.0,2,1-2 Bedroom Cabins,249.05,99.73,"Izzy Ludwick 2084 (SCounty) -- New In-Law Apt: Hot Tub, Fireplace, & Workspace!",40.54,,0.0,0.0,41.31,True,104.981103,-83.480753,114.0,0.0,0.0,Pigeon Forge,0.0,0.0,0.0,35.8664102,-2.0,"['1-2BR House', 'Group 3', 'HA1', 'SCounty', 'TendwellCleaning']",0.0,100.96487000000002
105.0,0.0,0.0,-4.86,2026-06-11,416.2,59.63,1-4BR Cabins / House,,513522,9,2026-09-03T00:09:49,1,1,0.0,2026-04-27,-3.56,180.0,205.4,,hostaway,,4,3-4 Bedrooms,428.66,94.7,"Byron Bradshaw 1016 (GAT) -- Cedar Ridge Haven | Hot Tub, Fireplace & More!",43.15,,1848.64,29.03,46.71,True,194.40702000000002,-83.4877422,176.0,0.0,29.03,Gatlinburg,0.0,,35.0,35.7447378,2.99,"['3-4BR', 'GAT', 'Group 2', 'HA1', 'Katie', 'NotKnox', 'TendwellCleaning']",67.28,184.96679
95.0,0.0,0.0,-1.59,2026-05-22,301.05,139.29,1-4BR Cabins / House,,529779,17,2026-08-31T04:21:49,1,1,0.0,2026-05-21,-1.15,150.0,215.9,,hostaway,,2,1-2 Bedroom Cabins,303.44,93.13,Denny Johnson 2251-21 (SCounty) -- Adohi Lodge | Panoramic Views off the Deck!,47.48,,4318.0,64.52,48.63,True,146.40061500000002,-83.4817933,152.0,0.0,64.52,Sevierville,0.0,,60.0,35.8026106,0.79,"['1-2BR House', 'Group 2', 'HA1', 'SCounty', 'TendwellCleaning']",135.89,144.073312
130.0,0.0,0.0,-5.47,2026-06-21,450.22,135.52,1-4BR Cabins / House,,533028,16,2026-09-05T03:22:48,1,1,0.0,2026-05-18,-2.0,230.0,262.56,,hostaway,,3,3-4 Bedrooms,442.59,101.66,Nanci Allen 917 (GAT) -- A Million Dollar View | The Ultimate Escape!,50.02,,4201.03,51.61,52.02,True,234.20444400000005,-83.5338628,230.0,0.0,51.61,Gatlinburg,0.0,,44.0,35.7178654,-1.69,"['3-4BR', 'GAT', 'Group 2', 'HA1', 'NotKnox', 'Regina']",103.18,221.383518
90.0,0.0,0.0,31.03,2026-06-01,196.57,126.78,1-4BR Cabins / House,,535798,2,2026-08-30T05:21:59,1,1,0.0,2026-05-20,3.67,170.0,170.88,,hostaway,,1,1-2 Bedroom Cabins,237.42,87.01,"David Moscarelli 536 (GAT) -- Whisk-A-Way - Hot Tub, Pool Table & Jacuzzi!",46.92,,3930.3,74.19,43.25,True,85.016525,-83.4969531,157.0,0.0,74.19,Gatlinburg,0.0,,104.0,35.7093402,20.78,"['1-2BR Cabin', 'GAT', 'Group 3', 'HA1', 'Junior', 'Katie', 'NotKnox', 'Group 2']",158.12,111.397464
80.0,0.0,0.0,-15.37,2026-06-19,230.97,42.43,1-4BR Cabins / House,,535863,12,2026-09-01T19:22:49,1,1,0.0,2026-05-20,-2.99,110.0,109.62,,hostaway,,2,1-2 Bedroom Cabins,209.4,83.44,John Haynes 625-2 (PF) -- Hearthstone Lodge | Family & Pet Friendly Home!,41.94,,1315.41,38.71,44.93,True,103.77482099999999,-83.5869254,110.0,0.0,38.71,Pigeon Forge,0.0,,41.0,35.811036,-9.34,"['1-2BR House', 'Group 3', 'HA1', 'NotKnox', 'Pet', 'PF', 'Regina', 'Group 2']",92.3,87.82235999999999
89.0,0.0,0.0,3.68,2026-06-05,217.24,77.52,1-4BR Cabins / House,,538851,7,2026-09-04T17:25:39,1,1,0.0,2026-05-22,2.04,140.0,184.87,,hostaway,,2,1-2 Bedroom Cabins,213.65,86.85,"Bradley Quillen 1144 (PF) -- Cozy Bear Den | Hot Tub, Games, Grill & MORE!",39.65,,2403.26,41.94,37.61,True,81.70396400000001,-83.5434231,142.0,0.0,41.94,Pigeon Forge,0.0,,60.5,35.8026746,-1.65,"['1-2BR Cabin', 'Group 3', 'HA1', 'Katie', 'NotKnox', 'PF']",105.78,84.712225
110.0,0.0,0.0,8.07,2026-07-01,380.97,252.04,1-4BR Cabins / House,,538875,6,2026-08-26T05:42:44,1,1,0.0,2026-05-25,1.87,300.0,315.05,,hostaway,,4,3-4 Bedrooms,396.03,104.6,"Ryan Pack 802 (BC) -- Fox Hollow | Views, Hot Tub, Game Room, Play Area!",49.06,,6301.0,64.52,47.19,True,179.77974300000002,-83.7575621,270.0,0.0,64.52,Townsend,0.0,,80.0,35.6583062,3.95,"['3-4BR', 'Group 2', 'HA1']",163.07,194.292318
95.0,0.0,0.0,0.35,2026-06-10,270.57,69.07,1-4BR Cabins / House,,541842,11,2026-09-05T18:17:35,1,1,0.0,2026-05-25,2.04,145.0,194.67,,hostaway,,2,1-2 Bedroom Cabins,258.78,98.2,Christina Kittle 1908 (SCounty) -- Creekfront Pet Friendly & Perfect for the Family!,43.53,,2141.32,35.48,41.49,True,112.259493,-83.4956929,155.0,0.0,35.48,Sevierville,0.0,,40.5,35.834262,-4.36,"['1-2BR Cabin', 'Group 3', 'HA1', 'NotKnox', 'Pet', 'Regina', 'SCounty', 'TendwellCleaning']",81.51,112.64693399999999
100.0,0.0,0.0,0.4,2026-07-01,430.93,103.39,1-4BR Cabins / House,,552312,3,2026-09-03T14:34:53,1,1,0.0,2026-06-15,-2.01,210.0,400.65,,hostaway,,4,3-4 Bedrooms,451.51,99.41,"Kevin Parrish 3836 (SCounty) -- Firefly Cove: Hot Tub, Zip Line, Theater, & More!",46.07,,3205.16,25.81,48.08,True,207.19114399999998,-83.6179614,216.0,0.0,25.81,Sevierville,0.0,,58.5,35.7272107,4.78,"['3-4BR', 'Group 2', 'HA1', 'NotKnox', 'SCounty', 'TendwellCleaning']",56.02,208.010657
105.0,0.0,0.0,4.96,2026-07-24,392.51,49.34,1-4BR Cabins / House,,555142,7,2026-09-05T23:16:19,1,1,0.0,2026-07-20,1.17,220.0,218.52,,hostaway,,4,3-4 Bedrooms,401.96,103.08,"Antonio Michaelis 8540 (BC) -- The Skinners Cabin: Hot Tub, Fireplace & Grill!",48.11,,1529.67,22.58,46.94,True,184.244194,-83.7202355,238.0,0.0,22.58,Townsend,0.0,,51.5,35.6717372,2.41,[''],46.93,193.38295599999998
110.0,0.0,0.0,-8.79,2026-07-03,394.74,179.85,1-4BR Cabins / House,,556488,16,2026-09-04T18:08:44,1,1,0.0,2026-07-03,-3.47,230.0,348.45,,hostaway,,3,3-4 Bedrooms,389.2,93.13,"Jennifer Prompanya 2412 (SCounty) -- Grand Splash Cabin | Hot Tub, Pool, View, GAMES!",42.83,,5575.2,51.61,46.3,True,182.76462,-83.616263,242.0,0.0,51.61,Sevierville,0.0,,49.0,35.7608556,-1.4,['TendwellCleaning'],120.5,166.69436
120.0,0.0,0.0,-11.94,2026-06-01,416.17,217.56,1-4BR Cabins / House,,558401,3,2026-08-28T19:13:19,1,1,0.0,2026-06-10,-4.82,370.0,306.56,,hostaway,,4,3-4 Bedrooms,408.97,94.59,"Vosa Ayisire 3741 (PF) -- Rustic Elegance: Pool, Game Room & Deck",41.56,,6744.28,70.97,46.38,True,193.01964600000002,-83.5502283,361.0,0.0,70.97,Pigeon Forge,0.0,,90.5,35.7784303,-1.73,"['3-4BR', 'Group 1', 'HA1', 'NotKnox', 'PF']",170.77,169.96793200000005
110.0,0.0,0.0,6.09,2026-07-02,317.9,177.8,1-4BR Cabins / House,,560527,7,2026-09-01T14:09:42,1,1,0.0,2026-06-23,-1.63,240.0,317.49,,hostaway,,3,3-4 Bedrooms,349.95,86.65,"Colin and Susan Tigwell 621 (GAT) -- The Spirit Bear Lodge | Hot Tub, Game Room, Grill!",43.33,,4444.91,45.16,44.96,True,142.92784,-83.4564853,240.0,0.0,45.16,Gatlinburg,0.0,,77.0,35.7367483,10.08,"['3-4BR', 'GAT', 'Group 2', 'HA1', 'NotKnox']",129.24,151.633335
100.0,0.0,0.0,-1.92,2026-07-25,290.58,39.93,1-4BR Cabins / House,,563252,6,2026-09-05T20:06:01,1,1,0.0,2026-07-20,-1.04,180.0,206.33,,hostaway,,3,3-4 Bedrooms,293.36,87.21,"Petra Dunn 976 (SCounty) -- Lakeside Haven: Boat Dock, Ramp, Games, & MORE!",35.46,,1237.98,19.35,36.5,True,106.0617,-83.4690399,200.0,0.0,19.35,Sevierville,0.0,,32.0,35.9186807,0.96,[''],54.57,104.02545600000002
120.0,0.0,0.0,0.24,2026-09-05,404.1,142.37,1-4BR Cabins / House,,567651,11,2026-09-02T04:30:32,1,1,0.0,2026-08-03,-2.99,300.0,401.24,,hostaway,,4,3-4 Bedrooms,431.51,98.26,"Kelly Armsworth 3634 (SCounty) -- High Smokies Lodge - Game Room, Hot Tub and more!",45.81,,4413.6,35.48,48.8,True,197.20080000000002,-83.6185763,300.0,0.0,35.48,Sevierville,0.0,,51.5,35.7128047,6.78,[''],77.45,197.674731
95.0,0.0,0.0,5.8,,270.28,0.0,1-4BR Cabins / House,,569032,0,,1,1,0.0,2026-08-17,1.19,174.0,0.0,0.0,hostaway,0.0,2,1-2 Bedroom Cabins,279.0,91.05,"Jason Riordan 3825 (SCounty) -- Endless Views - Game Room, Arcade, Hot Tub!",48.88,,0.0,0.0,47.69,True,128.89653199999998,-83.6600195,,0.0,0.0,Sevierville,0.0,0.0,0.0,35.6993145,3.23,[''],0.0,136.3752
130.0,0.0,0.0,-6.21,,320.7,0.0,1-4BR Cabins / House,,569066,0,2026-08-10T16:29:39,1,1,0.0,2026-09-04,-3.19,190.0,0.0,0.0,hostaway,0.0,3,3-4 Bedrooms,323.03,91.6,Jeff Keithley 371 -- The Tiny Retreat,43.13,,0.0,0.0,46.32,True,148.54824,-83.5404502,,0.0,0.0,Sevierville,0.0,0.0,0.0,35.7719551,0.73,[''],0.0,139.32283900000002
85.0,0.0,0.0,7.9,2026-08-07,255.14,0.0,1-4BR Cabins / House,,569708,0,2026-08-28T22:09:28,1,1,0.0,2026-07-22,0.61,125.0,0.0,0.0,hostaway,0.0,2,1-2 Bedroom Cabins,271.66,91.06,Mike Householder 1646 (SCounty) -- Heavenly Mountain View | Peaceful Cabin Escape,46.08,,0.0,0.0,45.47,True,116.012158,-83.6351547,124.0,0.0,0.0,Sevierville,0.0,0.0,0.0,35.8036129,6.47,[''],0.0,125.18092800000001
85.0,0.0,0.0,-9.16,2026-09-04,277.98,24.64,1-4BR Cabins / House,,572718,8,2026-09-05T22:20:29,1,1,0.0,2026-07-30,-2.63,135.0,95.46,,hostaway,,2,1-2 Bedroom Cabins,268.41,100.78,Karin Calimano 3815-18 (GAT) -- Mountain View Loft | Cozy Single-Level Retreat,41.81,,763.69,25.81,44.44,True,123.53431200000001,-83.3329729,132.0,0.0,25.81,Gatlinburg,0.0,,0.0,35.7631972,-3.44,[''],61.73,112.222221
100.0,0.0,0.0,-5.02,2026-08-07,339.15,43.63,1-4BR Cabins / House,,573027,5,2026-09-03T11:15:36,1,1,0.0,2026-07-29,-2.7,180.0,270.49,,hostaway,,3,3-4 Bedrooms,343.43,92.3,"Grant Chamberlain 3613 (SCounty) -- Endless MTN Escape: Spacious, Hot Tub, MORE GAMES!",40.82,,1352.44,16.13,43.52,True,147.59808,-83.435964,197.0,0.0,16.13,Sevierville,0.0,,45.5,35.7876272,1.26,[''],39.51,140.188126
95.0,0.0,0.0,1.02,,257.46,0.0,1-4BR Cabins / House,,573344,0,,1,1,0.0,2026-09-01,-0.99,134.0,0.0,0.0,hostaway,0.0,2,1-2 Bedroom Cabins,266.59,88.1,Gil Rivera 1235-602 (GAT) -- Smoky Laurel Cottage - Mountain Views & Fireplace!,39.51,,0.0,0.0,40.5,True,104.2713,-83.5541941,,0.0,0.0,Gatlinburg,0.0,0.0,0.0,35.7054997,3.55,[''],0.0,105.32970899999998
85.0,0.0,0.0,-7.3,2026-07-30,286.49,42.12,1-4BR Cabins / House,,573790,9,2026-09-05T15:55:17,1,1,0.0,2026-07-27,-2.86,150.0,145.07,,hostaway,,2,1-2 Bedroom Cabins,282.89,95.02,"James Nipper 3029-3 (SCounty) -- Little Bear Getaway: Hot Tub, Games, Grill, MORE!",43.85,,1305.6,29.03,46.71,True,133.819479,-83.4566574,156.0,0.0,29.03,Sevierville,0.0,,36.0,35.8055783,-1.26,[''],66.2,124.04726500000001
90.0,0.0,0.0,3.9,,268.42,0.0,1-4BR Cabins / House,,575028,0,,1,1,0.0,2026-08-07,0.34,143.0,0.0,0.0,hostaway,0.0,2,1-2 Bedroom Cabins,276.83,90.52,"Manish Birla 660 (Gat) -- Morning Hill Haven - Hot Tub, Fireplace and More!",45.8,,0.0,0.0,45.46,True,122.02373200000002,-83.4568001,143.0,0.0,0.0,Gatlinburg,0.0,0.0,0.0,35.7381262,3.13,[''],0.0,126.78813999999998
130.0,0.0,0.0,-11.54,2026-07-29,415.89,273.05,1-4BR Cabins / House,,575034,4,2026-08-28T03:25:21,1,1,0.0,2026-08-03,-4.72,360.0,445.5,,hostaway,,4,3-4 Bedrooms,409.61,95.25,"Walt Rountree 3738 (PF) -- Serene MTN Cabin: Indoor Pool, Hot Tub, & Game Room!",41.63,,8464.49,61.29,46.35,True,192.76501499999998,-83.5506544,360.0,0.0,61.29,Pigeon Forge,0.0,,116.0,35.7784311,-1.51,[''],147.23,170.52064300000004
100.0,0.0,0.0,-6.8,2026-08-13,398.71,105.53,1-4BR Cabins / House,,575897,15,2026-09-05T13:36:43,1,1,0.0,2026-08-10,-2.66,205.0,218.1,,hostaway,,4,3-4 Bedrooms,395.57,95.53,"Samyuktha Ravi 576-8 (PF) -- Smokies Modern Cabin | Fireplace, Fire Pit, Games!",41.2,,3271.47,48.39,43.86,True,174.874206,-83.5413948,205.0,0.0,48.39,Pigeon Forge,0.0,,49.5,35.7879761,-0.79,[''],117.45,162.97484
98.0,0.0,0.0,-6.42,2026-09-04,345.49,41.24,1-4BR Cabins / House,,575958,6,2026-08-24T01:39:12,1,1,0.0,2026-08-10,-1.91,180.0,213.07,,hostaway,,3,3-4 Bedrooms,338.25,92.87,"Jessee Cook 921 (GAT) -- Smoky Wood Haven - Hot Tub, Game Room, Fireplace!",41.35,,1278.4,19.35,43.26,True,149.458974,-83.5442684,180.0,0.0,19.35,Gatlinburg,0.0,,40.0,35.7111806,-2.1,[''],46.8,139.866375
90.0,0.0,0.0,0.65,2026-09-04,231.76,0.0,1-4BR Cabins / House,,577224,0,2026-08-29T02:48:16,1,1,0.0,2026-08-05,-1.44,120.0,0.0,0.0,hostaway,0.0,2,1-2 Bedroom Condos,242.88,84.2,Jamie Gittemeier 1260-5203 (GAT) -- Cloudline Condo | Gatlinburg | Fireplace & Pools!,34.94,,0.0,0.0,36.38,True,84.314288,-83.5596246,118.0,0.0,0.0,Gatlinburg,0.0,0.0,0.0,35.7079418,4.8,[''],0.0,84.86227199999999
85.0,0.0,0.0,62.62,2026-09-04,242.53,28.21,1-4BR Cabins / House,,579517,7,2026-09-06T02:54:32,1,1,0.0,2026-08-27,19.43,124.0,124.91,,hostaway,,1,1-2 Bedroom Cabins,235.11,61.07,"Greg Drury 1619-14 (SCounty) -- Rustic A-Frame Charm | Hot Tub, Pool Table, Grill!",48.11,,874.4,22.58,28.68,True,69.557604,-83.5609015,,0.0,22.58,Sevierville,0.0,,38.0,35.8285374,-3.06,[''],46.93,113.111421
105.0,167.74,7523.31,7.85,2020-01-10,234.28,152.66,1-4BR Cabins / House,,78819,12,2026-08-24T15:45:34,1,1,247.62,2024-05-23,4.99,250.0,295.77,-8.99,hostaway,-37.1,2,1-2 Bedroom Cabins,224.25,79.96,"Seann Gloss 459 (PF) -- Splash of Moonshine - Heated Indoor Pool, Hot Tub, Arcade/Game Room",44.37,,4732.36,-16.13,39.38,True,92.25946400000001,-83.5645351,240.0,67.74,51.61,Pigeon Forge,5200.01,19.45,62.0,35.8109321,-4.28,"['1-2BR Cabin', 'Group 1', 'HA1', 'NotKnox', 'PF', 'Safely', 'Summer', 'BlessedCleaningTyler', 'Lily', 'Group 2', 'Pet', 'SCounty', '3-4BR', 'Kyle', 'PrivateIndoorPool', '2BDR', 'hottub', '8guest', 'indoor pool', 'Key']",116.32,99.499725
80.0,52.42,3555.34,7.28,2020-09-24,213.48,98.92,1-4BR Cabins / House,,79561,14,2026-09-01T02:01:44,1,1,180.56,2024-05-23,3.92,130.0,153.33,88.71,hostaway,-13.75,2,1-2 Bedroom Condos,213.29,105.93,Julie Michala 338-101 (BC) -- Modern Cades Cove Condo w/ Community Pool,57.08,,3066.51,35.49,53.16,True,113.485968,-83.77100372,128.0,29.03,64.52,Townsend,1625.0,-15.08,48.0,35.67789841,-0.09,"['1-2BR Condo', 'BC', 'Group 3', 'HA1', 'Junior', 'Katie', 'NotKnox', 'Safely', 'BlessedCleaningTyler', 'SCounty', '1-2BR Cabin', '3-4BR', 'Blake', 'Kyle', 'Townsend Condo', 'townsend', '2BDR', 'Community outdoor pool', '6guest']",113.03,121.745932
90.0,34.28,4602.42,-10.1,2021-04-02,358.92,141.91,1-4BR Cabins / House,,83165,23,2026-09-04T18:14:19,1,1,265.67,2024-05-23,-2.37,160.0,183.3,313.97,hostaway,-4.42,3,3-4 Bedrooms,340.69,93.71,"Josef Wankerl 1030 (GAT) -- Bear View Chalet - Hot tub, Near Ober!",42.47,,4399.16,64.52,44.84,True,160.93972800000003,-83.54090118,156.0,12.9,77.42,Gatlinburg,1062.67,-31.0,52.0,35.70709991,-5.08,"['GAT', 'Group 2', 'HA1', 'Katie', 'NORMAL', 'NotKnox', 'Safely', 'TendwellCleaning', 'BlessedCleaningTyler', '3-4BR', 'SCounty', '1-2BR Cabin', 'Blake', 'Kyle', 'Gat', '10guest', '3BDR', 'hottub', 'view', 'Community Pool', 'Normal', 'Low 3-4BR']",182.29,144.691043
85.0,116.19,5098.56,0.37,2021-05-01,277.08,62.54,1-4BR Cabins / House,,84093,12,2026-08-30T16:53:20,1,1,200.11,2024-05-23,-0.53,150.0,161.57,-46.17,hostaway,-61.97,2,1-2 Bedroom Cabins,281.32,88.14,"Chuane Li 1483 (SCounty) -- Bear Claw Cove - Hot Tub, Fireplace, View",45.86,,1938.8,-19.35,46.39,True,128.537412,-83.63510132,150.0,58.06,38.71,Sevierville,3602.04,-19.26,58.5,35.83670044,1.53,"['1-2BR Cabin', 'Group 2', 'HA1', 'Katie', 'NotKnox', 'Pet', 'Safely', 'BlessedCleaningTyler', 'SCounty', '3-4BR', 'Scounty', '2BDR', 'hottub', 'OnB- 4/26/21', '8guest', 'Normal']",84.41,129.013352
90.0,9.29,4687.0,6.06,2021-05-03,237.47,118.49,1-4BR Cabins / House,,84290,13,2026-08-29T04:14:17,1,1,143.96,2024-05-23,0.14,140.0,167.28,1175.46,hostaway,-39.33,2,1-2 Bedroom Cabins,251.07,88.92,Michael Rohwer 2455 (SCounty) -- Cabin in the Woods w/ Hot Tub,44.55,,2843.74,48.39,44.41,True,105.460427,-83.6257019,140.0,6.45,54.84,Sevierville,287.93,16.2,42.5,35.79750061,5.73,"['1-2BR Cabin', 'Group 3', 'HA1', 'Junior', 'Katie', 'NotKnox', 'Safely', 'SCounty', 'BlessedCleaningTyler', '3-4BR', 'Kyle', 'PF', '1BDR', '4guest', 'Hottub', 'Pooltable', 'OB 4/28/21']",158.99,111.851685
85.0,64.63,4419.25,6.99,2021-06-07,232.17,64.82,1-4BR Cabins / House,,85745,13,2026-09-02T22:59:51,1,1,154.13,2024-05-23,-0.04,120.0,154.57,0.29,hostaway,-54.53,1,1-2 Bedroom Cabins,248.6,88.69,David Holland 1645 (SCounty) -- Romantic Mountain Shanty - Hot Tub & Fireplace,47.61,,2009.44,0.0,47.65,True,110.629005,-83.63710022,120.0,41.94,41.94,Sevierville,2003.67,0.29,45.0,35.80619812,7.08,"['1-2BR Cabin', 'Group 3', 'HA1', 'Katie', 'NotKnox', 'Safely', 'SCounty', 'BlessedCleaningTyler', 'Summer', '3-4BR', 'Blake', 'PF', '1BDR', '2Guest', 'hottub', 'OB6/10/21', 'Junior']",88.09,118.35846
90.0,112.65,4413.74,1.15,2021-07-02,228.28,138.63,1-4BR Cabins / House,,86231,3,2026-08-26T13:52:59,1,1,158.73,2024-05-23,-1.1,160.0,171.9,23.06,hostaway,-2.63,2,1-2 Bedroom Cabins,237.24,87.81,Philip Graves 527 (PF) -- Bearly Out of Bounds w/ Fire Pit,40.15,,4297.49,9.68,41.25,True,94.1655,-83.53769684,157.0,70.97,80.65,Pigeon Forge,3492.04,8.3,85.0,35.78319931,3.93,"['1-2BR Cabin', 'Group 2', 'HA1', 'Katie', 'NORMAL', 'NotKnox', 'PF', 'Safely', 'BlessedCleaningTyler', 'SCounty', '3-4BR', 'Andrew', '2BDR', '4guest', 'OB6/22/21', 'Normal']",200.87,95.25186
105.0,173.12,8430.13,0.77,2021-07-01,335.77,195.77,1-4BR Cabins / House,,86393,4,2026-09-03T14:35:57,1,1,383.34,2024-05-23,0.37,250.0,337.15,13.08,hostaway,-28.01,3,3-4 Bedrooms,335.44,89.17,"Leigh Anne Chong 2021 (SCounty) -- Peaks of Blue - View, Hot Tub, Theater Room!",42.85,,6068.78,12.9,42.48,True,142.63509599999998,-83.52410126,235.0,45.16,58.06,Sevierville,5366.71,-12.05,73.0,35.81019974,-0.1,"['Group 2', 'HA1', 'NotKnox', 'Safely', 'SCounty', 'Summer', 'TendwellCleaning', 'BlessedCleaningTyler', '3-4BR', '1-2BR Cabin', 'PF', '3BDR', '10guest', 'theatre', 'gameroom', 'hottub', 'OB6/24/21', 'Normal', 'Low 3-4BR']",135.5,143.73604
85.0,67.37,3798.79,-6.85,2021-09-10,305.56,0.0,1-4BR Cabins / House,,89008,0,2026-07-04T16:33:59,1,1,139.24,2024-05-23,-6.87,130.0,0.0,-100.0,hostaway,-100.0,2,1-2 Bedroom Cabins,328.65,96.57,"Brad Spurgin 1410 (SCounty) -- Papa Bear - Private w/ Hot Tub, Pool Table, & View",44.41,,0.0,-48.39,51.28,True,156.691168,-83.58609772,140.0,48.39,0.0,Sevierville,2088.59,-100.0,0.0,35.75989914,7.56,"['1-2BR Cabin', 'Group 3', 'HA1', 'Pet', 'Regina', 'Safely', 'SCounty', 'BlessedCleaningTyler', '3-4BR', 'NotKnox', 'Summer', 'PF', '2BDR', '6Guest', 'hottub', 'OB8/24/21', 'Junior']",0.0,145.953465
80.0,50.4,4845.55,0.51,2021-10-01,209.4,78.23,1-4BR Cabins / House,,90024,10,2026-09-06T00:30:33,1,1,142.04,2024-05-23,-0.2,150.0,151.57,55.22,hostaway,-49.95,1,1-2 Bedroom Cabins,211.43,89.61,"Donnie Rath 748 (PF) -- Stairway to Heaven - Hot Tub, Pool, Prime Location!",43.73,,2425.17,16.13,43.93,True,91.98942000000001,-83.53990173,140.0,35.48,51.61,Pigeon Forge,1562.4,6.71,46.0,35.78839874,0.97,"['1-2BR Cabin', 'Group 2', 'HA1', 'Junior', 'Katie', 'NotKnox', 'Pet', 'Safely', 'BlessedCleaningTyler', 'SCounty', '3-4BR', 'Blake', 'Group 3', 'Kyle', 'PF', '1BDR', '4Guest', 'Hottub', 'OB9/15/21', 'Community Pool', 'Community GameRoom']",118.02,92.458339
100.0,77.4,3587.31,6.1,2021-09-24,419.18,71.49,1-4BR Cabins / House,,90093,7,2026-09-05T12:57:42,1,1,399.89,2024-05-23,-1.13,170.0,158.29,-7.64,hostaway,-38.22,4,3-4 Bedrooms,455.64,98.1,Leo Shum 4150 (SCounty) -- Copper Top - Stunning Views,46.1,,2216.11,25.81,47.23,True,197.978714,-83.66349792,148.0,19.35,45.16,Sevierville,2399.31,-60.42,85.5,35.69869995,8.7,"['Group 1', 'HA1', 'NotKnox', 'Safely', 'SCounty', 'Summer', 'BlessedCleaningTyler', '3-4BR', '1-2BR Cabin', 'Andrew', 'Townsend', '4BDR', '14guest', 'hottub', 'indoor pool', 'View', 'Theater', 'OB-9/17/21', 'gameroom', 'Top', 'Low 3-4BR']",97.96,210.05004000000002
105.0,194.68,8053.18,6.07,2021-09-24,418.47,159.43,1-4BR Cabins / House,,90258,0,2026-09-04T04:40:19,1,1,377.2,2024-05-23,-1.18,270.0,353.02,-18.11,hostaway,-38.63,4,3-4 Bedrooms,455.25,98.08,"Wah Shum 4160 (SCounty) -- Million Dollar View - Hot Tub, and Sauna!",46.01,,4942.28,-6.45,47.19,True,197.47599300000002,-83.66359711,258.0,51.61,45.16,Sevierville,6035.18,-6.41,94.5,35.69779968,8.79,"['Group 1', 'HA1', 'NotKnox', 'Safely', 'SCounty', 'Summer', 'BlessedCleaningTyler', '3-4BR', '1-2BR Cabin', 'Andrew', 'Townsend', '4BDR', '14 Guest', 'Hottub', 'Indoor Pool', 'Gameroom', 'Theatre', 'Sauna', 'OB 9/22/21', 'Top', 'Low 3-4BR']",98.15,209.460525
80.0,107.59,4763.03,-8.16,2021-10-13,234.5,87.58,1-4BR Cabins / House,,90666,9,2026-09-06T01:39:57,1,1,185.29,2024-05-23,-1.6,145.0,142.89,-18.6,hostaway,-43.0,1,1-2 Bedroom Cabins,222.75,86.3,"Stephen Su 641 (SCounty) -- Sweet Dreams - Romantic, Hot Tub",46.62,,2715.0,3.23,48.22,True,113.0759,-83.59519958,123.0,58.06,61.29,Sevierville,3335.27,-22.88,55.0,35.80220032,-5.01,"['1-2BR Cabin', 'Group 2', 'HA1', 'NotKnox', 'Safely', 'SCounty', 'Summer', 'BlessedCleaningTyler', 'Lily', '3-4BR', 'PF', '1BDR', '2Guest', 'Pool Table', 'hottub', 'OB10/1/21', 'Normal']",131.47,103.84604999999999
90.0,71.22,6085.71,-7.54,2021-10-08,234.62,138.04,1-4BR Cabins / House,,90930,25,2026-09-03T22:47:46,1,1,275.98,2024-05-23,-1.33,140.0,171.17,93.82,hostaway,-29.68,1,1-2 Bedroom Cabins,223.14,86.32,"Stephen Su 637 (SCounty) -- Peekaboo - Hot Tub, Pool Table, and Jacuzzi!",46.45,,4279.37,54.84,47.78,True,112.10143600000002,-83.59480286,140.0,25.81,80.65,Sevierville,2207.8,-37.98,53.0,35.80189896,-4.89,"['1-2BR Cabin', 'Group 2', 'HA1', 'NotKnox', 'Safely', 'SCounty', 'Summer', 'BlessedCleaningTyler', 'Lily', '3-4BR', 'PF', '1BDR', '2Guest', 'Pool Table', 'hottub', 'OB10/1/21', 'Normal']",173.63,103.64853
70.0,77.04,4070.88,7.61,2021-10-22,214.1,96.31,1-4BR Cabins / House,,91281,6,2026-09-04T15:14:10,1,1,140.49,2024-05-23,4.05,140.0,135.71,25.01,hostaway,-26.66,2,1-2 Bedroom Cabins,214.2,106.0,Lisa Collier 333 (BC) -- Beary Relaxing Cabin - Rustic w/ Outdoor Patio!,57.61,,2985.56,16.13,53.56,True,114.67196,-83.76059723,117.0,54.84,70.97,Townsend,2388.39,-3.4,90.0,35.66790009,0.05,"['1-2BR Cabin', 'BC', 'Group 3', 'HA1', 'Junior', 'Katie', 'NotKnox', 'Safely', 'BlessedCleaningTyler', 'SCounty', '3-4BR', 'Andrew', 'Group 1', 'HA3', 'Townsend', '2BDR', '4guest', 'OB10/15/21', 'Key']",123.19,123.40062
85.0,139.52,4325.16,-7.2,2021-12-03,300.35,56.42,1-4BR Cabins / House,,92981,10,2026-08-29T22:48:43,1,1,160.19,2024-05-23,-2.75,125.0,134.55,-59.56,hostaway,-59.56,3,3-4 Bedrooms,296.03,88.45,Mike Martin 2939 (SCounty) -- Front-Row Smoky Mountain Views - Chef's Kitchen,44.33,,1749.11,-45.16,47.08,True,141.40478000000002,-83.60829926,122.0,87.1,41.94,Sevierville,4325.16,-16.01,72.0,35.79499817,-1.44,"['Group 3', 'HA1', 'Junior', 'Katie', 'NotKnox', 'Safely', 'SCounty', 'BlessedCleaningTyler', '3-4BR', '1-2BR Cabin', 'PF', '3BDR', '7Guest', 'OB11/10/21', 'Low 3-4BR']",94.61,131.230099
105.0,165.55,7018.93,-1.43,2021-12-19,506.66,121.93,1-4BR Cabins / House,,93319,3,2026-09-01T01:03:18,1,1,270.11,2024-05-23,-1.72,175.0,290.76,-26.35,hostaway,-46.15,4,3-4 Bedrooms,516.36,110.04,"Brian Hopp 649 (GAT) -- City Hideaway - Hot Tub, Fireplace, Grill",50.76,,3779.85,-19.35,52.48,True,265.895168,-83.51329803,174.0,61.29,41.94,Gatlinburg,5132.13,7.65,84.0,35.72340012,1.91,"['GAT', 'Group 3', 'Katie', 'NotKnox', 'Pet', 'Safely', 'BlessedCleaningTyler', '3-4BR', 'SCounty', 'HA3', '1-2BR Cabin', 'Group 2', 'Kyle', '14Guest', 'OB11/16/21', 'hottub', '4BDR', 'Normal', 'Low 3-4BR']",82.62,262.104336
90.0,0.0,3602.03,8.84,2021-11-23,257.77,140.07,1-4BR Cabins / House,,93532,7,2026-09-04T22:37:04,1,1,0.0,2024-05-23,2.54,135.0,188.79,,hostaway,20.55,3,3-4 Bedrooms,267.1,104.54,Brian Hopp 7646 (BC) -- Evergreen Getaway - Fire Pit and Wood Fireplace!,52.98,,4342.08,74.19,50.44,True,130.01918799999999,-83.75849915,129.0,0.0,74.19,Townsend,0.0,,82.0,35.67520142,3.62,"['BC', 'Group 2', 'HA1', 'Junior', 'Katie', 'NotKnox', 'Pet', 'TendwellCleaning', 'BlessedCleaningTyler', '3-4BR', 'SCounty', 'HA3', '1-2BR Cabin', 'Kyle', 'Townsend', '3BDR', '6Guest', 'OB 11/18/21', 'Normal', 'High 3-4BR']",140.03,141.50958
130.0,310.73,11327.84,-5.0,2021-12-08,568.8,281.32,1-4BR Cabins / House,,94762,3,2026-08-31T23:25:27,1,1,458.7,2024-05-23,-2.87,300.0,436.04,-9.46,hostaway,-23.01,4,3-4 Bedrooms,571.77,110.44,"Cheryl Draper 723 (SCounty) -- Sky Ridge - Mt View, WC Accessible, & Swim Spa!",49.37,,8720.9,-3.22,52.24,True,297.14112,-83.53050232,300.0,67.74,64.52,Gatlinburg,9632.74,-4.94,126.5,35.72200012,0.52,"['Group 1', 'HA1', 'NotKnox', 'Safely', 'SCounty', 'Summer', 'BlessedCleaningTyler', '3-4BR', '1-2BR Cabin', 'Gat', '4BDR', '12Guest', 'View', 'hottub', 'games', 'Swim_Spa', 'OB12812', 'Top', 'High 3-4BR']",130.69,282.282849
105.0,117.47,6817.45,0.36,2022-01-15,360.4,89.54,1-4BR Cabins / House,,96720,4,2026-09-05T01:18:50,1,1,303.46,2024-05-23,-0.15,235.0,346.95,-23.78,hostaway,-59.29,3,3-4 Bedrooms,362.88,94.37,"Brendan Smith 4386 (SCounty) -- BellaYani-Pet Friendly, Hot Tub, Views, Games",46.13,,2775.6,-12.9,46.28,True,166.79312,-83.67469788,245.0,38.71,25.81,Sevierville,3641.55,14.33,98.5,35.73329926,0.69,"['Group 2', 'HA1', 'NotKnox', 'Pet', 'Safely', 'SCounty', 'Summer', 'TendwellCleaning', 'BlessedCleaningTyler', '3-4BR', '1-2BR Cabin', 'Wears Valley', '3BDR', '12 Guest', 'hottub', 'jacuzzi', 'gameroom', 'OB1/4/22', 'Normal', 'Med 3-4BR']",55.95,167.396544
